wall_time_s,wall_time_iso,target_timestamp_s,hand_side,frame_id,hand_command,reference_frame,max_iters,eps,target_x,target_y,target_z,target_qx,target_qy,target_qz,target_qw,current_q0,current_q1,current_q2,current_q3,current_q4,current_q5,current_q6,success,has_solution,position_error_m,orientation_error_rad,iterations,solve_time_ms,message,q_target0,q_target1,q_target2,q_target3,q_target4,q_target5,q_target6
1781683949.089686,2026-06-17T16:12:29.089,1781683949.009510,right,base,1,pelvis,1000,0.001,-0.00768,-0.270748118,-0.05335,0.707388045,0.706824957,0.000562863772,0.000563312174,0,0,0,0,0,0,0,1,1,0,5.41579701e-16,1,1.8491,,0,0,0,0,0,0,0
1781683949.099445,2026-06-17T16:12:29.099,1781683949.059519,right,base,1,pelvis,1000,0.001,-0.00762735,-0.270901618,-0.0538355,-0.707085713,-0.707127459,-0.000740885841,4.49701e-05,0,0,0,0,0,0,0,1,1,0.000492657082,0.000612879526,2,0.245299,,-0.000196987955,-0.000338191841,0.000256863068,8.01765422e-05,0.000256863068,0.000479303767,0.00100499838
1781683949.116233,2026-06-17T16:12:29.116,1781683949.059519,right,base,1,pelvis,1000,0.001,-0.00762735,-0.270901618,-0.0538355,-0.707085713,-0.707127459,-0.000740885841,4.49701e-05,0,0,0,0,0,0,0,1,1,0.000492657082,0.000612879526,2,0.079266,,-0.000196987955,-0.000338191841,0.000256863068,8.01765422e-05,0.000256863068,0.000479303767,0.00100499838
1781683949.132833,2026-06-17T16:12:29.132,1781683949.059519,right,base,1,pelvis,1000,0.001,-0.00762735,-0.270901618,-0.0538355,-0.707085713,-0.707127459,-0.000740885841,4.49701e-05,-4.2256581e-07,-7.25467246e-07,5.51006026e-07,1.71989528e-07,5.51006026e-07,1.02817141e-06,2.15585747e-06,1,1,0.000492648581,0.000612092621,2,0.073263,,-0.00019711941,-0.000338481648,0.000257084135,8.01762114e-05,0.000257084169,0.000479745144,0.00100586118
1781683949.149710,2026-06-17T16:12:29.149,1781683949.059519,right,base,1,pelvis,1000,0.001,-0.00762735,-0.270901618,-0.0538355,-0.707085713,-0.707127459,-0.000740885841,4.49701e-05,-5.00289384e-06,-8.5890423e-06,6.52353927e-06,2.03623987e-06,6.52353927e-06,1.21728552e-05,2.55238966e-05,1,1,0.000492557342,0.000603563182,2,0.064592,,-0.000198544265,-0.000341622983,0.000259480297,8.01726301e-05,0.000259480696,0.000484529467,0.00101521326
1781683949.166450,2026-06-17T16:12:29.166,1781683949.092858,right,base,1,pelvis,1000,0.001,-0.0076994,-0.270925168,-0.0540365,-0.706768298,-0.707444066,-0.000893431836,0.000817347942,-1.97203019e-05,-3.38561066e-05,2.57143501e-05,8.02640758e-06,2.57143501e-05,4.79827052e-05,0.00010060956,1,1,0.000704556152,0.000520881658,3,0.06713,,0.0055419323,-0.000792365482,0.000741079097,-0.0106527357,0.000738921329,0.00635663738,0.0028354434
1781683949.183357,2026-06-17T16:12:29.183,1781683949.109511,right,base,1,pelvis,1000,0.001,-0.00803935,-0.270499918,-0.0537105,-0.706475166,-0.707735432,-0.00125421115,0.00135074028,-4.66569195e-05,-8.01012908e-05,6.08384378e-05,1.89899452e-05,6.08384378e-05,0.000113523881,0.00023803551,1,1,0.000382709283,0.000737163288,3,0.071907,,0.00404737671,-0.00039202019,0.00109517774,-0.00704904305,0.00109369525,0.00446097081,0.00351138281
1781683949.200111,2026-06-17T16:12:29.200,1781683949.109511,right,base,1,pelvis,1000,0.001,-0.00803935,-0.270499918,-0.0537105,-0.706475166,-0.707735432,-0.00125421115,0.00135074028,0.000514878578,-0.000151668839,0.000129188295,-0.00105329369,0.000128971485,0.000740825282,0.000499020291,1,1,0.000385851169,0.000696325134,3,0.066778,,-0.00495269178,-0.000396261225,0.00110598308,0.00937345184,0.00110770938,-0.00294301628,0.00354728143
1781683949.216950,2026-06-17T16:12:29.216,1781683949.109511,right,base,1,pelvis,1000,0.001,-0.00803935,-0.270499918,-0.0537105,-0.706475166,-0.707735432,-0.00125421115,0.00135074028,0.000947516852,-0.000181105569,0.00024749664,-0.00178761556,0.000247124817,0.00119644544,0.000867955609,1,1,0.000406818199,0.000626002147,3,0.054448,,-0.0111213199,-0.000395371687,0.00112487058,0.0206434389,0.00112899974,-0.00802000989,0.00360177532
1781683949.233716,2026-06-17T16:12:29.233,1781683949.109511,right,base,1,pelvis,1000,0.001,-0.00803935,-0.270499918,-0.0537105,-0.706475166,-0.707735432,-0.00125421115,0.00135074028,9.29835377e-05,-0.000212266785,0.000371832119,-0.000171146636,0.000371764169,0.000596922917,0.00125600514,1,1,0.000378171835,0.000550841687,3,0.076076,,0.00169760673,-0.000411435789,0.00114504338,-0.00274914382,0.00114449546,0.00257930622,0.00367305309
1781683949.250457,2026-06-17T16:12:29.250,1781683949.176191,right,base,1,pelvis,1000,0.001,-0.00826695,-0.270139568,-0.053322,-0.706260813,-0.707947348,-0.00205427126,0.00141282312,-0.00167005742,-0.000241053365,0.000490220002,0.00310118918,0.000490811895,-0.000757776063,0.0016247921,1,1,0.000118650759,0.000664180795,3,0.0637,,-0.00264527694,-9.80146547e-05,0.0014143492,0.00625558851,0.00141996653,-0.00293380955,0.0044364792
1781683949.267220,2026-06-17T16:12:29.267,1781683949.176191,right,base,1,pelvis,1000,0.001,-0.00826695,-0.270139568,-0.053322,-0.706260813,-0.707947348,-0.00205427126,0.00141282312,-0.00108739514,-0.000270532377,0.000603515411,0.00208898362,0.000603910097,-0.000180404954,0.00197917555,1,1,0.00011191134,0.000601340865,3,0.055401,,-0.00160881353,-0.00010404462,0.00143347788,0.0043716792,0.001437039,-0.00206295105,0.00449426075
1781683949.284115,2026-06-17T16:12:29.284,1781683949.176191,right,base,1,pelvis,1000,0.001,-0.00826695,-0.270139568,-0.053322,-0.706260813,-0.707947348,-0.00205427126,0.00141282312,-0.00137392179,-0.000238802804,0.000752644496,0.00285530834,0.000753999735,-0.000686812946,0.00243112446,1,1,9.52524649e-05,0.000510331901,3,0.057079,,-0.00235535974,-9.80218828e-05,0.00145667386,0.00577354891,0.00146177709,-0.00272280145,0.00456564436
1781683949.300875,2026-06-17T16:12:29.300,1781683949.226195,right,base,1,pelvis,1000,0.001,-0.00848025,-0.269881368,-0.053024,-0.706158231,-0.708047174,-0.00292120471,0.00110385896,-0.00142036692,-0.000212157072,0.000887265658,0.0031551403,0.000889057066,-0.000958916688,0.00283906833,1,1,0.000177222861,0.00062660553,3,0.060136,,-0.0295921605,0.000185816027,0.00158905274,0.0568031611,0.00160890455,-0.0279147814,0.0050161883
1781683949.317645,2026-06-17T16:12:29.317,1781683949.226195,right,base,1,pelvis,1000,0.001,-0.00848025,-0.269881368,-0.053024,-0.706158231,-0.708047174,-0.00292120471,0.00110385896,-0.0016105512,-0.000188941152,0.00100308739,0.00368774349,0.00100555245,-0.00131770357,0.00319026634,1,1,0.000134780402,0.00056334644,3,0.052998,,-0.0334728391,0.00019633093,0.00160606866,0.0639173723,0.00162849526,-0.031151153,0.00506652807
1781683949.334349,2026-06-17T16:12:29.334,1781683949.226195,right,base,1,pelvis,1000,0.001,-0.00848025,-0.269881368,-0.053024,-0.706158231,-0.708047174,-0.00292120471,0.00110385896,-0.00746359489,-0.000110551445,0.0011256565,0.0147981431,0.00113175842,-0.00688113835,0.00357220295,1,1,0.000144206501,0.000466133285,3,0.065072,,-0.0428066402,0.000223756811,0.00161730159,0.0810252891,0.00165461002,-0.0389753059,0.00511445812
1781683949.351218,2026-06-17T16:12:29.351,1781683949.226195,right,base,1,pelvis,1000,0.001,-0.00848025,-0.269881368,-0.053024,-0.706158231,-0.708047174,-0.00292120471,0.00110385896,-0.0131196266,-4.38160792e-05,0.00123012806,0.0254797267,0.00123977999,-0.012158953,0.00389716242,1,1,8.52135247e-05,0.000384694146,3,0.082283,,-0.035710067,0.000224412551,0.00163255947,0.0681272351,0.00167266637,-0.0332145879,0.0051743496
1781683949.367838,2026-06-17T16:12:29.367,1781683949.226195,right,base,1,pelvis,1000,0.001,-0.00848025,-0.269881368,-0.053024,-0.706158231,-0.708047174,-0.00292120471,0.00110385896,-0.019616119,1.47376468e-05,0.00131485433,0.0376349179,0.00133055841,-0.0180272507,0.00416354665,1,1,0.000271578101,0.000793107926,2,0.049441,,-0.0213037032,0.000155718281,0.00155254964,0.0415430627,0.00158520257,-0.0208345251,0.0049291213
1781683949.384675,2026-06-17T16:12:29.384,1781683949.226195,right,base,1,pelvis,1000,0.001,-0.00848025,-0.269881368,-0.053024,-0.706158231,-0.708047174,-0.00292120471,0.00110385896,-0.0232541262,6.21342716e-05,0.00138667099,0.0445276499,0.00140789128,-0.0214603203,0.00439203679,1,1,0.000221928921,0.000648740668,2,0.066497,,-0.024913936,0.000178374272,0.00157959679,0.0482345768,0.00161717682,-0.0239874515,0.00501716207
1781683949.401357,2026-06-17T16:12:29.401,1781683949.309533,right,base,1,pelvis,1000,0.001,-0.00810775,-0.270148718,-0.0535525,0.706228434,0.707973278,0.00385277338,0.000626664023,-0.0227898921,8.44088722e-05,0.00142615295,0.0438172669,0.00145009441,-0.0213113703,0.00451987212,1,1,0.000181179884,0.000716919193,3,0.071384,,-0.00225790349,1.02924328e-05,0.0015914644,0.00758866022,0.00160503924,-0.00936788618,0.00454438593
1781683949.418159,2026-06-17T16:12:29.418,1781683949.309533,right,base,1,pelvis,1000,0.001,-0.00810775,-0.270148718,-0.0535525,0.706228434,0.707973278,0.00385277338,0.000626664023,-0.0232945086,0.000106732559,0.00146260714,0.0448667026,0.00148978876,-0.0219471362,0.00463801503,1,1,0.000183034833,0.000702077888,3,0.05874,,-0.00278017904,1.42779548e-05,0.00159719038,0.00856264755,0.00161159843,-0.0098341658,0.00456287042
1781683949.434983,2026-06-17T16:12:29.434,1781683949.309533,right,base,1,pelvis,1000,0.001,-0.00810775,-0.270148718,-0.0535525,0.706228434,0.707973278,0.00385277338,0.000626664023,-0.018109103,8.29606069e-05,0.00149436973,0.0356778736,0.00151819736,-0.0188464214,0.00461493598,1,1,0.000175922338,0.000557190988,3,0.083227,,0.0021651631,3.54004346e-06,0.00160292876,-0.000421342953,0.00161528804,-0.00593993611,0.00456484143
1781683949.451714,2026-06-17T16:12:29.451,1781683949.309533,right,base,1,pelvis,1000,0.001,-0.00810775,-0.270148718,-0.0535525,0.706228434,0.707973278,0.00385277338,0.000626664023,-0.014327018,6.60146276e-05,0.00151973854,0.0289877699,0.00154124208,-0.0166228396,0.00460208991,1,1,0.000178660518,0.000447325231,3,0.056363,,0.00641517094,-5.26186357e-06,0.00160769955,-0.00814587471,0.00161812086,-0.00257493126,0.00456778493
1781683949.468570,2026-06-17T16:12:29.468,1781683949.309533,right,base,1,pelvis,1000,0.001,-0.00810775,-0.270148718,-0.0535525,0.706228434,0.707973278,0.00385277338,0.000626664023,-0.0101804135,5.0306736e-05,0.00154065493,0.0215934805,0.00155985935,-0.0139368531,0.00459272458,1,1,0.000204842909,0.000893286607,2,0.06806,,-0.00856454062,2.56649868e-05,0.0015881632,0.0190605751,0.00160620863,-0.0143571463,0.00455971247
1781683949.485466,2026-06-17T16:12:29.485,1781683949.309533,right,base,1,pelvis,1000,0.001,-0.00810775,-0.270148718,-0.0535525,0.706228434,0.707973278,0.00385277338,0.000626664023,-0.00595575147,3.61608917e-05,0.00155772217,0.0140228689,0.00157469071,-0.0110445006,0.00458637581,1,1,0.000188265457,0.000711307851,2,0.062983,,-0.00488365432,1.67243983e-05,0.00159538403,0.0123977277,0.00161169884,-0.0115565775,0.00455986729
1781683949.502181,2026-06-17T16:12:29.502,1781683949.426208,right,base,1,pelvis,1000,0.001,-0.0081827,-0.270212468,-0.053528,0.706158707,0.708042022,0.00394203278,0.000914776953,-0.00663610595,3.34236311e-05,0.00156566099,0.0153366684,0.00158291037,-0.0119084161,0.00457942219,1,1,0.000163885445,0.000850571116,2,0.055916,,-0.00544373134,-9.90172198e-06,0.00165756819,0.0137542586,0.00167298424,-0.0127652862,0.00441245958
1781683949.519069,2026-06-17T16:12:29.519,1781683949.442874,right,base,1,pelvis,1000,0.001,-0.00834245,-0.270249968,-0.0531445,0.705922887,0.708278061,0.00385062109,0.000487602267,-0.00618552965,2.91300583e-05,0.00157330314,0.0145810316,0.00159031223,-0.0118179542,0.00457439439,1,1,0.000232010714,0.000596164608,2,0.05458,,-0.00663344623,-0.000117706227,0.0018600976,0.016074192,0.00187786221,-0.0135415088,0.00480104235
1781683949.535871,2026-06-17T16:12:29.535,1781683949.442874,right,base,1,pelvis,1000,0.001,-0.00834245,-0.270249968,-0.0531445,0.705922887,0.708278061,0.00385062109,0.000487602267,-0.00598823401,1.87487996e-05,0.00159571506,0.0143611353,0.00161230046,-0.0120699155,0.00453132469,1,1,0.000231684384,0.000507274564,2,0.063762,,-0.00649526174,-0.000121985044,0.00186905609,0.0158783088,0.00188659992,-0.0135936661,0.00478377074
1781683949.552701,2026-06-17T16:12:29.552,1781683949.476212,right,base,1,pelvis,1000,0.001,-0.00787135,-0.270553168,-0.0533485,-0.705517832,-0.70868515,-0.00309785058,0.000592733001,-0.00615759522,-1.70691656e-05,0.00166511261,0.0148107941,0.00168200754,-0.0124561928,0.00460212265,1,1,8.23316716e-05,0.000438071142,3,0.057109,,-0.00715378177,-0.000746770121,0.00247504266,0.0149523811,0.00249423043,-0.0100617747,0.00585443084
1781683949.569431,2026-06-17T16:12:29.569,1781683949.476212,right,base,1,pelvis,1000,0.001,-0.00787135,-0.270553168,-0.0533485,-0.705517832,-0.70868515,-0.00309785058,0.000592733001,-0.00629938056,-4.70551481e-05,0.00172321066,0.0151872382,0.00174036472,-0.0127795753,0.00466139309,1,1,8.3087951e-05,0.000433991587,3,0.070109,,-0.00726474024,-0.000751311366,0.00248433795,0.0151737448,0.00250366568,-0.010186456,0.00586371486
1781683949.586225,2026-06-17T16:12:29.586,1781683949.476212,right,base,1,pelvis,1000,0.001,-0.00787135,-0.270553168,-0.0533485,-0.705517832,-0.70868515,-0.00309785058,0.000592733001,-0.00652732985,-0.000233735048,0.00192379508,0.0151245797,0.00194149172,-0.0120544819,0.00497968865,1,1,0.000161149035,0.000841930281,2,0.059819,,-0.00718822573,-0.000624450669,0.00234689704,0.0153509544,0.00236584909,-0.0107274664,0.00564670279
1781683949.602947,2026-06-17T16:12:29.602,1781683949.476212,right,base,1,pelvis,1000,0.001,-0.00787135,-0.270553168,-0.0533485,-0.705517832,-0.70868515,-0.00309785058,0.000592733001,-0.00671541644,-0.000387769245,0.00208930224,0.0150728786,0.00210744658,-0.0114561893,0.00524232218,1,1,0.000122686418,0.000641614163,2,0.047029,,-0.00721564043,-0.000686085375,0.00241335232,0.0152424346,0.0024324561,-0.0104483975,0.00575236507
1781683949.619756,2026-06-17T16:12:29.619,1781683949.476212,right,base,1,pelvis,1000,0.001,-0.00787135,-0.270553168,-0.0533485,-0.705517832,-0.70868515,-0.00309785058,0.000592733001,-0.00684343288,-0.000451852404,0.00215904784,0.0151481696,0.00217741088,-0.0112588825,0.00535181107,1,1,0.00010696128,0.000559091329,2,0.04861,,-0.00727838271,-0.00071166138,0.00244133646,0.0152934051,0.00246054027,-0.0103788821,0.00579631297
1781683949.636409,2026-06-17T16:12:29.636,1781683949.476212,right,base,1,pelvis,1000,0.001,-0.00787135,-0.270553168,-0.0533485,-0.705517832,-0.70868515,-0.00309785058,0.000592733001,-0.00694928161,-0.000504838732,0.00221671609,0.0152104229,0.00223525995,-0.0110957419,0.00544234054,1,1,9.39567391e-05,0.000490870054,2,0.051984,,-0.00733029823,-0.000732815393,0.00246446647,0.0153356261,0.002483752,-0.0103214319,0.00583263734
1781683949.653351,2026-06-17T16:12:29.653,1781683949.559552,right,base,1,pelvis,1000,0.001,-0.00745125,-0.270640168,-0.053697,-0.705111617,-0.709091096,-0.00230429341,0.00145411629,-0.00702925292,-0.000544871198,0.00226028586,0.0152574569,0.00227896633,-0.0109724851,0.00551073777,1,1,0.000688332885,0.00058339722,3,0.059742,,0.0387543116,-0.00110332643,0.00304826432,-0.0711804953,0.00304489258,0.0322917726,0.00634212352
1781683949.670209,2026-06-17T16:12:29.670,1781683949.559552,right,base,1,pelvis,1000,0.001,-0.00745125,-0.270640168,-0.053697,-0.705111617,-0.709091096,-0.00230429341,0.00145411629,-0.00709074175,-0.000575651611,0.00229378606,-0.031193165,0.00231257157,-0.0108777148,0.00556332745,1,1,0.000668858699,0.000612972672,10,0.1273,,0.0379300513,-0.00119771328,0.00318121135,-0.0699500199,0.00318494059,0.0317712792,0.00648606352
1781683949.687072,2026-06-17T16:12:29.687,1781683949.559552,right,base,1,pelvis,1000,0.001,-0.00745125,-0.270640168,-0.053697,-0.705111617,-0.709091096,-0.00230429341,0.00145411629,0.00256616404,-0.000686802228,0.00245271107,-0.0396161868,0.00246682932,-0.00178439622,0.00572737482,1,1,0.000412113783,0.000637598107,9,0.116467,,-0.0175340304,-0.00102150187,0.0031976062,0.0312996973,0.00322661795,-0.0140384322,0.00633948441
1781683949.703921,2026-06-17T16:12:29.703,1781683949.609554,right,base,1,pelvis,1000,0.001,-0.00746615,-0.270394868,-0.053631,-0.704993491,-0.709210564,-0.00171725622,0.00126704707,0.0107137447,-0.000804512393,0.0026205522,-0.0466048797,0.0026322769,0.00594658564,0.00590217114,1,1,0.000307064223,0.00050252668,9,0.121203,,-0.0103394044,-0.000298888137,0.00335480032,0.0178943718,0.00339132311,-0.00711894102,0.00454030888
1781683949.720683,2026-06-17T16:12:29.720,1781683949.626220,right,base,1,pelvis,1000,0.001,-0.00816215,-0.270049618,-0.053503,-0.705245995,-0.708961245,-0.00139765398,0.000293038783,0.00432825273,-0.000853563497,0.00275099694,-0.0289943229,0.00276662943,0.00142891407,0.00600102708,1,1,0.000156038461,0.000500451637,8,0.108748,,0.00579860152,0.000752480043,0.00300359408,-0.00876903163,0.00304444011,0.00250032034,0.00168372838
1781683949.737439,2026-06-17T16:12:29.737,1781683949.676224,right,base,1,pelvis,1000,0.001,-0.01006525,-0.269185768,-0.0500895,0.706208436,0.707997987,0.00106245593,0.00271423481,0.000679740959,-0.000715590571,0.00290119023,-0.0173309773,0.00292201909,-0.000697325292,0.00563768019,1,1,0.000213813256,0.000572774421,6,0.097542,,0.124255347,0.00331482488,0.00182533873,-0.216834561,0.00203643581,0.0883472722,-0.00540837354
1781683949.754559,2026-06-17T16:12:29.754,1781683949.676224,right,base,1,pelvis,1000,0.001,-0.01006525,-0.269185768,-0.0500895,0.706208436,0.707997987,0.00106245593,0.00271423481,0.00205415556,-0.000321413457,0.00292868567,-0.0669847458,0.00295488914,0.000161242897,0.00457604372,1,1,4.43236084e-06,0.000575882221,11,0.129639,,0.127983351,0.00341253943,0.00171815976,-0.223271933,0.00211117509,0.0909854922,-0.00568799645
1781683949.771033,2026-06-17T16:12:29.771,1781683949.692892,right,base,1,pelvis,1000,0.001,-0.01096625,-0.268532368,-0.047008,0.706486302,0.707715661,0.00116765433,0.00377944115,0.0183053952,0.000162161046,0.00278195424,-0.118334386,0.00283274627,0.0118888887,0.00324824032,1,1,1.74166345e-06,0.000592158617,12,0.140909,,0.178412474,0.00503776242,0.00143771276,-0.311195005,0.002092131,0.126810907,-0.00859035434
1781683949.787987,2026-06-17T16:12:29.787,1781683949.709564,right,base,1,pelvis,1000,0.001,-0.01100085,-0.268452968,-0.046637,0.706805279,0.707393647,0.00117761302,0.00437470082,0.0333599359,0.000608312266,0.00263593641,-0.167729947,0.00273370246,0.0237684035,0.00202164068,1,1,1.25803813e-06,0.000631327539,14,0.19764,,0.18368893,0.00548245875,0.000982249029,-0.320246844,0.00175222668,0.129686444,-0.00981821811
1781683949.804667,2026-06-17T16:12:29.804,1781683949.726231,right,base,1,pelvis,1000,0.001,-0.01043805,-0.268777468,-0.048191,0.70734495,0.706850168,0.00108396781,0.00497858458,0.0553136576,0.00127871016,0.0024545851,-0.218995187,0.00263660053,0.0418506736,0.000415513763,1,1,1.08676482e-06,0.000639257851,15,0.211401,,0.161278468,0.00522402242,7.93032232e-05,-0.281062481,0.000946835655,0.112171013,-0.0105263138
1781683949.821558,2026-06-17T16:12:29.821,1781683949.742898,right,base,1,pelvis,1000,0.001,-0.010136,-0.269197918,-0.0499985,0.708065919,0.706125204,0.00101207131,0.00536898157,0.0758129469,0.00194997541,0.00221947874,-0.254325844,0.00249538147,0.0558765124,-0.00121863452,1,1,5.47172991e-07,0.00048756708,16,0.237215,,0.131117229,0.00467697156,-0.00108908436,-0.227027024,-0.00017543293,0.0879816964,-0.0106369335
1781683949.838133,2026-06-17T16:12:29.838,1781683949.742898,right,base,1,pelvis,1000,0.001,-0.010136,-0.269197918,-0.0499985,0.708065919,0.706125204,0.00101207131,0.00536898157,0.0906508207,0.00251839055,0.00184791774,-0.258967656,0.00222653472,0.0656499355,-0.00283456301,1,1,1.31442048e-06,0.000626706556,13,0.191656,,0.131161997,0.00467572573,-0.00109646945,-0.227046049,-0.000157270817,0.0878175376,-0.010623617
1781683949.855003,2026-06-17T16:12:29.855,1781683949.792903,right,base,1,pelvis,1000,0.001,-0.011339,-0.269016268,-0.049004,0.710144014,0.704024806,0.00154534503,0.0064933177,0.0980721364,0.00291426238,0.00130928778,-0.25310992,0.00178602712,0.0697454571,-0.00426547465,1,1,1.46337795e-06,0.000544739684,12,0.193868,,0.151163243,0.00561332477,-0.00397747255,-0.258264612,-0.00293787691,0.0967252264,-0.0121789356
1781683949.871563,2026-06-17T16:12:29.871,1781683949.809570,right,base,1,pelvis,1000,0.001,-0.0114815,-0.268762568,-0.0481955,0.711278904,0.702869555,0.00214940401,0.00721732727,0.104724904,0.00326913788,0.000826438122,-0.247858809,0.00139113832,0.0734168481,-0.00554820165,1,1,3.04004134e-06,0.000559080726,11,0.155331,,0.164552156,0.00640746178,-0.00548955146,-0.281260664,-0.00443218738,0.104413867,-0.0129880309
1781683949.888412,2026-06-17T16:12:29.888,1781683949.842903,right,base,1,pelvis,1000,0.001,-0.0112766,-0.268426818,-0.046771,0.712503316,0.701614964,0.00311859024,0.00810812273,0.114660295,0.00377067207,-0.000201349147,-0.255208998,0.000464953998,0.0784036299,-0.00696683418,1,1,6.67889052e-06,0.000617127922,10,0.153021,,0.184939933,0.00741173103,-0.00707568486,-0.317805652,-0.00601612203,0.117854249,-0.0136776289
1781683949.905121,2026-06-17T16:12:29.905,1781683949.859573,right,base,1,pelvis,1000,0.001,-0.0112959,-0.268351618,-0.045267,0.713668575,0.700414717,0.00400899047,0.00896198035,0.126530487,0.00439801287,-0.00145950979,-0.296611682,-0.000700166054,0.0944576913,-0.0083993877,1,1,3.3317582e-06,0.000569477303,11,0.168272,,0.204588967,0.00800204698,-0.00867168401,-0.352298511,-0.00759699105,0.130232233,-0.0140080508
1781683949.921885,2026-06-17T16:12:29.921,1781683949.859573,right,base,1,pelvis,1000,0.001,-0.0112959,-0.268351618,-0.045267,0.713668575,0.700414717,0.00400899047,0.00896198035,0.141270064,0.00515852226,-0.00287674713,-0.332514586,-0.00204164334,0.109222635,-0.00973134768,1,1,3.5784077e-06,0.000621770634,11,0.157172,,0.204609229,0.0080078696,-0.00869373076,-0.352308074,-0.00760157995,0.130161324,-0.0140149797
1781683949.938580,2026-06-17T16:12:29.938,1781683949.859573,right,base,1,pelvis,1000,0.001,-0.0112959,-0.268351618,-0.045267,0.713668575,0.700414717,0.00400899047,0.00896198035,0.158084851,0.00591364053,-0.00441563395,-0.337768348,-0.00351690555,0.114801884,-0.0108670567,1,1,6.78243389e-06,0.000602778931,10,0.162852,,0.204593367,0.00800927176,-0.00870316614,-0.352299386,-0.007595796,0.130187147,-0.0140137539
1781683949.955448,2026-06-17T16:12:29.955,1781683949.892909,right,base,1,pelvis,1000,0.001,-0.01068935,-0.268597968,-0.0423245,0.717249006,0.6966786,0.00658591425,0.0122235918,0.171334533,0.00650865713,-0.00562824295,-0.341908198,-0.00467937975,0.119198209,-0.0117619705,1,1,1.24988206e-05,0.000505445138,9,0.157954,,0.238281077,0.00920959837,-0.0137143438,-0.411768114,-0.0124226514,0.147755443,-0.0154263124
1781683949.972094,2026-06-17T16:12:29.972,1781683949.926244,right,base,1,pelvis,1000,0.001,-0.01005425,-0.268546468,-0.0399325,0.719748057,0.694011785,0.00849480103,0.0154341962,0.181948458,0.00698530718,-0.00659962784,-0.39211749,-0.00561060315,0.128222198,-0.0124788592,1,1,3.09293565e-06,0.000508114262,11,0.170413,,0.262505487,0.0110769505,-0.0172809267,-0.4544334,-0.0156817389,0.15877333,-0.0183917666
1781683949.989038,2026-06-17T16:12:29.989,1781683949.926244,right,base,1,pelvis,1000,0.001,-0.01005425,-0.268546468,-0.0399325,0.719748057,0.694011785,0.00849480103,0.0154341962,0.196402124,0.00755600961,-0.00842510181,-0.434817278,-0.00735841949,0.140136323,-0.0132351085,1,1,3.63372333e-06,0.000640263814,11,0.207843,,0.262548596,0.0110867982,-0.0173141637,-0.454440503,-0.0156808166,0.158583953,-0.0183908506
1781683950.005640,2026-06-17T16:12:30.005,1781683949.926244,right,base,1,pelvis,1000,0.001,-0.01005425,-0.268546468,-0.0399325,0.719748057,0.694011785,0.00849480103,0.0154341962,0.213849762,0.00848534358,-0.0107625506,-0.439994851,-0.00955531623,0.145055464,-0.0145961815,1,1,6.98213506e-06,0.000621807973,10,0.17084,,0.262534034,0.011090629,-0.0173315843,-0.45443457,-0.0156681999,0.158610326,-0.0183878101
1781683950.022416,2026-06-17T16:12:30.022,1781683949.959580,right,base,1,pelvis,1000,0.001,-0.01388125,-0.266881868,-0.0239745,0.725869273,0.687138433,0.0151092296,0.026949631,0.227507675,0.00921282098,-0.0125922924,-0.444047826,-0.0112750346,0.14890614,-0.0156616218,1,1,1.85800849e-05,0.000488398621,9,0.153192,,0.396697507,0.0221831,-0.024562668,-0.670737504,-0.0217292417,0.214833417,-0.0319124333
1781683950.039121,2026-06-17T16:12:30.039,1781683949.959580,right,base,1,pelvis,1000,0.001,-0.01388125,-0.266881868,-0.0239745,0.725869273,0.687138433,0.0151092296,0.026949631,0.238459353,0.00979615308,-0.0140594817,-0.494963306,-0.0126540011,0.151993827,-0.0165159515,1,1,3.97326396e-06,0.000494355902,11,0.195869,,0.396834646,0.0222353445,-0.0246305251,-0.670803672,-0.0218565454,0.21447285,-0.0320084108
1781683950.055973,2026-06-17T16:12:30.055,1781683950.009588,right,base,1,pelvis,1000,0.001,-0.01108635,-0.267036268,-0.0125535,0.731632836,0.680013761,0.0237662776,0.0415913764,0.25964143,0.0114542946,-0.0154654593,-0.544500488,-0.013868831,0.16040566,-0.0185769554,1,1,4.39947222e-06,0.000497051794,11,0.202164,,0.467128942,0.0308393221,-0.0322682554,-0.790415739,-0.0276637254,0.230026623,-0.0436686829
1781683950.072570,2026-06-17T16:12:30.072,1781683950.009588,right,base,1,pelvis,1000,0.001,-0.01108635,-0.267036268,-0.0125535,0.731632836,0.680013761,0.0237662776,0.0415913764,0.279382818,0.0129996585,-0.01677581,-0.595747846,-0.0150010349,0.168245367,-0.0204977812,1,1,4.81623799e-06,0.00064088433,11,0.17438,,0.467178059,0.0308527131,-0.0322879675,-0.790395353,-0.0276612115,0.229734581,-0.0436641449
1781683950.089379,2026-06-17T16:12:30.089,1781683950.042927,right,base,1,pelvis,1000,0.001,-0.0057553,-0.265249168,0.0058305,0.735411837,0.674547865,0.0333857277,0.0551362058,0.306365368,0.0155635443,-0.0190023576,-0.644705671,-0.016820895,0.177124463,-0.0238278633,1,1,5.06058553e-06,0.000549699957,11,0.169549,,0.557444128,0.043944994,-0.0345323501,-0.953375828,-0.0293852085,0.268755586,-0.0559585259
1781683950.106055,2026-06-17T16:12:30.106,1781683950.042927,right,base,1,pelvis,1000,0.001,-0.0057553,-0.265249168,0.0058305,0.735411837,0.674547865,0.0333857277,0.0551362058,0.331607262,0.0179620327,-0.0210852696,-0.696141141,-0.0185233551,0.191132153,-0.0269431204,1,1,5.12781426e-06,0.000595529673,11,0.171366,,0.557467975,0.0439827282,-0.0345873984,-0.953363082,-0.0293571435,0.268602991,-0.0559530966
1781683950.122838,2026-06-17T16:12:30.122,1781683950.042927,right,base,1,pelvis,1000,0.001,-0.0057553,-0.265249168,0.0058305,0.735411837,0.674547865,0.0333857277,0.0551362058,0.36236121,0.0215003329,-0.0229164623,-0.746768373,-0.0200024974,0.201702734,-0.0308943719,1,1,4.86034671e-06,0.00063682044,11,0.162448,,0.557486452,0.0440341708,-0.0346659261,-0.953354669,-0.0293038121,0.268487421,-0.0559392574
1781683950.139584,2026-06-17T16:12:30.139,1781683950.076260,right,base,1,pelvis,1000,0.001,0.0043384,-0.261498068,0.031339,0.738047064,0.669855609,0.0431720938,0.0686743293,0.389295658,0.0245991924,-0.0245202292,-0.795520204,-0.0212979371,0.210960498,-0.0343548961,1,1,5.30622472e-06,0.00050956693,11,0.185742,,0.654466283,0.0627976344,-0.0308700975,-1.14414832,-0.0267949062,0.328098575,-0.0727085801
1781683950.156397,2026-06-17T16:12:30.156,1781683950.076260,right,base,1,pelvis,1000,0.001,0.0043384,-0.261498068,0.031339,0.738047064,0.669855609,0.0431720938,0.0686743293,0.414550553,0.0275048162,-0.0260239899,-0.8462583,-0.0225125969,0.240046698,-0.0375996321,1,1,1.33693082e-05,0.000603698642,10,0.15707,,0.65444935,0.0628204243,-0.0309305516,-1.14411151,-0.0266698492,0.328022028,-0.0725955781
1781683950.173080,2026-06-17T16:12:30.173,1781683950.092932,right,base,1,pelvis,1000,0.001,0.01208515,-0.260413318,0.0389305,0.738926269,0.668093621,0.0464776143,0.0740183302,0.444506585,0.0319115001,-0.026629078,-0.896205324,-0.0230472888,0.251040912,-0.0419833579,1,1,1.2207231e-05,0.000575297914,10,0.172255,,0.670169495,0.069333142,-0.0296212283,-1.19527762,-0.02546762,0.350679005,-0.0799260467
1781683950.363544,2026-06-17T16:12:30.363,1781683950.142934,right,base,1,pelvis,1000,0.001,0.02119615,-0.254289018,0.0789765,0.739733275,0.665657098,0.049082633,0.0853592652,0.471965872,0.0359509002,-0.0271837339,-0.946626562,-0.0235374157,0.2819159,-0.0460017134,1,1,0.0100943365,0.0216545873,11000,172.610333,,0.758949731,0.0764497717,-0.0140048631,-1.39236265,-0.0147279024,0.439313992,-0.0846943602
1781683950.544268,2026-06-17T16:12:30.544,1781683950.192936,right,base,1,pelvis,1000,0.001,0.021974,-0.251175418,0.1137515,0.739403257,0.665692765,0.0429358287,0.0910630591,0.653438359,0.0665152176,-0.0294154699,-1.31426576,-0.025304684,0.393973198,-0.0770623623,1,1,0.0536364519,0.0734562206,11000,179.005568,,0.708331221,0.0746321883,-0.0236370443,-1.38241491,-0.0215351806,0.412804144,-0.0842986877
1781683950.712063,2026-06-17T16:12:30.712,1781683950.192936,right,base,1,pelvis,1000,0.001,0.021974,-0.251175418,0.1137515,0.739403257,0.665692765,0.0429358287,0.0910630591,0.716649708,0.0756230345,-0.0152873084,-1.38248518,-0.0156080847,0.413232506,-0.0840592379,1,1,0.050980193,0.068927479,11000,165.126112,,0.716649708,0.0756230345,-0.0152873084,-1.38248518,-0.0156080847,0.413232506,-0.0840592379
1781683950.880978,2026-06-17T16:12:30.880,1781683950.192936,right,base,1,pelvis,1000,0.001,0.021974,-0.251175418,0.1137515,0.739403257,0.665692765,0.0429358287,0.0910630591,0.70833145,0.0746322156,-0.0229757461,-1.38241491,-0.0215350173,0.412804156,-0.0842986811,1,1,0.0535922209,0.0736950912,11000,167.326993,,0.70833145,0.0746322156,-0.0229757461,-1.38241491,-0.0215350173,0.412804156,-0.0842986811
1781683951.049220,2026-06-17T16:12:31.049,1781683950.242940,right,base,1,pelvis,1000,0.001,0.02017195,-0.247207568,0.150021,0.738366108,0.668037663,0.0226629378,0.0895966676,0.712445715,0.0751369313,-0.0174161055,-1.38244967,-0.0159782241,0.413016021,-0.0840592423,1,1,0.0788911175,0.0559038868,11000,166.385319,,0.779754355,0.084192588,-0.0101207859,-1.4,-0.0109131414,0.447721716,-0.093637353
1781683951.225891,2026-06-17T16:12:31.225,1781683950.292946,right,base,1,pelvis,1000,0.001,0.0260129,-0.243442068,0.1757565,0.739038107,0.668208001,0.00134622847,0.0855507508,0.77085168,0.0752788446,-0.0170535769,-1.3958601,-0.0178439563,0.445308298,-0.0894883778,1,1,0.106413439,0.0926619767,11000,170.081093,,0.77085168,0.0752788446,-0.0170535769,-1.3958601,-0.0178439563,0.445308298,-0.0894883778
1781683951.395434,2026-06-17T16:12:31.395,1781683950.342954,right,base,1,pelvis,1000,0.001,0.0293099,-0.234807268,0.1888525,0.741984342,0.664776597,-0.00718528944,0.0864851646,0.773013763,0.0755515974,-0.0140478131,-1.39586453,-0.0148373462,0.445388277,-0.0910736942,1,1,0.12099152,0.109763937,11000,167.880269,,0.773013763,0.0755515974,-0.0140478131,-1.39586453,-0.0148373462,0.445388277,-0.0910736942
1781683953.411804,2026-06-17T16:12:33.411,1781683953.359889,right,base,1,pelvis,1000,0.001,-0.00752325,-0.271073118,-0.054139,-0.706808421,-0.707404981,7.29251801e-05,0.000208407164,0.770851706,0.0752788479,-0.0163153654,-1.3958601,-0.0171042536,0.445308299,-0.0897168368,1,1,0.000844252136,0.000216461689,23,0.222877,,-0.0143576784,-0.000638678352,-0.000964052328,0.024833522,0.00250730994,-0.00866743344,0.000740822764
1781683953.703613,2026-06-17T16:12:33.703,1781683953.393235,right,base,1,pelvis,1000,0.001,-0.00768855,-0.271381318,-0.05487,-0.706117472,-0.708093535,0.000776351009,0.00102898308,0.770851706,0.0752788479,-0.0163153654,-1.39066378,-0.0171042536,0.445308299,-0.0897168368,1,1,0.00155364356,1.30805633e-05,11000,274.036863,,-0.00111135986,-0.000978441939,1.32777893,0.000465736283,-1.32417948,0.00512605316,0.00179793665
1781683953.891571,2026-06-17T16:12:33.891,1781683953.443254,right,base,1,pelvis,1000,0.001,-0.0078043,-0.272454868,-0.0567805,-0.70470555,-0.709491914,0.00212668485,0.0026055409,0.58733815,0.0575359433,-0.0127275656,-1.05984381,-0.0125207783,0.339208317,-0.0685757155,1,1,0.00350271088,5.72112425e-05,11000,185.283925,,-0.00133730257,-0.00324558043,0.00743429849,-0.00107938598,0.000215725212,0.0106662712,0.00398969545
1781683954.049862,2026-06-17T16:12:34.049,1781683953.593355,right,base,1,pelvis,1000,0.001,-0.0073661,-0.275198568,-0.061286,-0.702774406,-0.71137269,0.00390496017,0.00646376983,0.423905478,0.0412844855,0.359577204,-0.765359373,-0.376813524,0.24642218,-0.0490305314,1,1,0.00812747805,0.012267725,11000,155.117946,,-0.00386519983,-0.00072262977,1.68727171,0.0165089167,-1.68569364,0.0210716333,0.0240561654
1781683954.217928,2026-06-17T16:12:34.217,1781683953.760058,right,base,1,pelvis,1000,0.001,-0.00103695,-0.280390468,-0.0625865,-0.70272024,-0.711346372,0.00730265072,0.0108293186,0.259502444,0.0240687249,0.2234353,-0.469881227,-0.231050315,0.155276631,-0.0285323912,1,1,0.0100532311,0.012028976,11000,165.769007,,-0.0592681518,-0.00985996055,0.236147913,0.0759590913,-0.210175536,0.00953931209,0.0362220429
1781683954.390144,2026-06-17T16:12:34.390,1781683953.760058,right,base,1,pelvis,1000,0.001,-0.00103695,-0.280390468,-0.0625865,-0.70272024,-0.711346372,0.00730265072,0.0108293186,0.182133662,0.0167858374,0.653462462,-0.326995744,-0.65837685,0.115851601,-0.0130835968,1,1,0.00971735706,0.00815445435,11000,170.568689,,-0.00552147331,-0.0187948205,-0.0363623537,-0.0251214919,0.0421138339,0.0559159981,0.0252197845
1781683954.568987,2026-06-17T16:12:34.568,1781683953.760058,right,base,1,pelvis,1000,0.001,-0.00103695,-0.280390468,-0.0625865,-0.70272024,-0.711346372,0.00730265072,0.0108293186,0.0826500475,0.00580489136,0.481483805,-0.16093484,-0.473669511,0.0720394582,0.00723565092,1,1,0.0100778632,0.0231418977,11000,176.957428,,-0.0556462189,-0.000672581236,0.494919435,0.07542837,-0.457974413,0.0139979729,0.0485756191
1781683954.746234,2026-06-17T16:12:34.746,1781683953.776723,right,base,1,pelvis,1000,0.001,-0.00012465,-0.280121968,-0.061912,-0.703298087,-0.710787767,0.0073243736,0.00994502502,0.0330414603,-0.00803582435,0.190124236,-0.0845211831,-0.183470557,0.062967798,0.0173541954,1,1,0.00946594257,0.00854592937,11000,175.152148,,0.0256984249,-0.0280934782,0.195790322,-0.0850336327,-0.177876101,0.0809907677,0.0206156134
1781683954.922814,2026-06-17T16:12:34.922,1781683953.776723,right,base,1,pelvis,1000,0.001,-0.00012465,-0.280121968,-0.061912,-0.703298087,-0.710787767,0.0073243736,0.00994502502,-0.0309728081,-0.0161383978,0.282398951,-0.07351456,-0.265082803,0.0609264734,0.0398896436,1,1,0.00945629125,0.0145198821,11000,173.82746,,0.02452877,-0.0316142967,0.286260369,-0.0848811402,-0.261439917,0.0802953958,0.0143497611
1781683955.097552,2026-06-17T16:12:35.097,1781683953.860075,right,base,1,pelvis,1000,0.001,0.00192915,-0.279955268,-0.0567225,-0.706547272,-0.707616096,0.00659561409,0.00518757885,0.020162762,-0.0296699345,0.269719638,-0.0839084462,-0.245032643,0.0790308814,0.0224983064,1,1,0.00376575919,0.00160296321,11000,172.862806,,-0.0323907104,-0.0176878306,-0.111073922,0.0180488576,0.112618204,0.0323570807,0.0139314102
1781683955.274289,2026-06-17T16:12:35.274,1781683953.860075,right,base,1,pelvis,1000,0.001,0.00192915,-0.279955268,-0.0567225,-0.706547272,-0.707616096,0.00659561409,0.00518757885,0.0245135868,-0.031607535,0.0101282655,-0.0411949358,-0.00864850175,0.0527300151,0.0143780985,1,1,0.00374747038,0.000224422677,11000,174.8903,,-0.0223683374,-0.0166611017,0.0145830383,-0.000436394131,-0.0114222835,0.0410195084,0.0148774271
1781683955.289310,2026-06-17T16:12:35.289,1781683954.026748,right,base,1,pelvis,1000,0.001,0.0087491,-0.270154518,-0.0356805,0.710353651,0.703814634,0.00435104364,0.00487023975,-0.0202575678,-0.020655792,-0.0104001699,0.00188357164,0.0135327687,0.0367010008,0.0140266531,1,1,6.61189858e-07,0.000514603604,1314,13.303355,,0.18863937,0.185527256,-0.691667141,-0.517652663,0.719849584,0.194950041,0.150493867
1781683955.292432,2026-06-17T16:12:35.292,1781683954.710166,right,base,1,pelvis,1000,0.001,0.0124244,-0.260933018,0.0201365,0.704693433,0.699942788,0.0723716665,0.0908273101,-0.0147025223,-0.0200244317,-0.054920548,-0.0426368065,0.0580531468,0.0812213789,0.033041422,1,1,1.18166132e-06,0.000510834521,25,0.2501,,0.606257786,0.0616530865,-0.0405682735,-1.05287129,0.0716688875,0.215936482,-0.0224878875
1781683955.309398,2026-06-17T16:12:35.309,1781683955.243578,right,base,1,pelvis,1000,0.001,0.0068217,-0.368869768,-0.0247835,0.802449201,0.588468833,0.0982714179,0.0110653272,-0.00590559194,-0.0169985781,-0.0637174783,-0.0514337368,0.0668500772,0.0900183092,0.0347703979,1,1,1.05848596e-06,0.000502179442,30,0.318853,,0.271014041,-0.163414234,-0.255421721,-0.464622061,-0.132577323,0.129903037,0.33595187
1781683955.326046,2026-06-17T16:12:35.326,1781683955.260251,right,base,1,pelvis,1000,0.001,0.0050344,-0.368742068,-0.0245735,0.802628623,0.587976669,0.0998915296,0.00961317544,0.045102871,-0.068007041,-0.114725941,-0.1024422,0.0479437349,0.141026772,0.0857788608,1,1,1.52095212e-06,0.000505775563,29,0.2965,,0.273706616,-0.160556802,-0.270334952,-0.464436181,-0.119235189,0.127866916,0.345106046
1781683955.342869,2026-06-17T16:12:35.342,1781683955.260251,right,base,1,pelvis,1000,0.001,0.0050344,-0.368742068,-0.0245735,0.802628623,0.587976669,0.0998915296,0.00961317544,0.0949976807,-0.117901851,-0.164620751,-0.152337009,0.0330118409,0.150084631,0.135673671,1,1,1.95903421e-06,0.000532042028,27,0.26804,,0.272635063,-0.156789002,-0.285145845,-0.464489384,-0.103704902,0.128322202,0.348264079
1781683955.359509,2026-06-17T16:12:35.359,1781683955.293583,right,base,1,pelvis,1000,0.001,0.00205665,-0.369409568,-0.024516,0.802752575,0.587526054,0.101830864,0.00564930095,0.145917452,-0.137643903,-0.215540522,-0.203256781,0.0197527468,0.148149704,0.186593442,1,1,2.27891975e-06,0.000533509518,25,0.259697,,0.271975125,-0.156853104,-0.304076275,-0.455458284,-0.0856672422,0.125130038,0.36512326
1781683955.376319,2026-06-17T16:12:35.376,1781683955.326918,right,base,1,pelvis,1000,0.001,0.00103365,-0.371824418,-0.025475,0.803072973,0.586907165,0.103017145,0.00111704469,0.195405281,-0.139319462,-0.224802502,-0.25274461,0.00894785944,0.143766871,0.236081271,1,1,2.22640861e-06,0.000515025328,24,0.262567,,0.255694947,-0.167747445,-0.305368076,-0.422789835,-0.0835687684,0.117877353,0.380263861
1781683955.393460,2026-06-17T16:12:35.393,1781683955.326918,right,base,1,pelvis,1000,0.001,0.00103365,-0.371824418,-0.025475,0.803072973,0.586907165,0.103017145,0.00111704469,0.245888746,-0.146417054,-0.232098024,-0.303228075,0.000240483044,0.135109854,0.286564736,1,1,1.79868017e-06,0.000499782426,23,0.546174,,0.255562078,-0.167456441,-0.30675369,-0.42272469,-0.0821141826,0.117880426,0.380617227
1781683955.409792,2026-06-17T16:12:35.409,1781683955.343590,right,base,1,pelvis,1000,0.001,-0.0007801,-0.373634968,-0.0280055,0.802967878,0.586938421,0.103662092,0.000216866513,0.297840632,-0.148496333,-0.239240363,-0.35517996,-0.00792921356,0.133430036,0.305174247,1,1,2.35627838e-06,0.000522109585,22,0.23181,,0.227439258,-0.179548038,-0.303802998,-0.363541537,-0.0806843074,0.0898095541,0.388835626
1781683955.426486,2026-06-17T16:12:35.426,1781683955.376925,right,base,1,pelvis,1000,0.001,-0.00528785,-0.376736118,-0.033592,-0.802530654,-0.587314818,-0.104908713,0.0001256784,0.316968558,-0.161745736,-0.245767185,-0.399752737,-0.0151010134,0.104839305,0.320398933,1,1,8.10172829e-06,0.000505255662,20,0.222916,,0.140160481,-0.21086645,-0.294614484,-0.184281078,-0.0731938212,0.00106821929,0.404690906
1781683955.443229,2026-06-17T16:12:35.443,1781683955.376925,right,base,1,pelvis,1000,0.001,-0.00528785,-0.376736118,-0.033592,-0.802530654,-0.587314818,-0.104908713,0.0001256784,0.267482159,-0.193857101,-0.251563053,-0.350266338,-0.0216506267,0.0553529062,0.342590165,1,1,8.71337896e-06,0.000534261814,17,0.211087,,0.140258143,-0.210873965,-0.294159216,-0.184386171,-0.0736149432,0.000922544949,0.404597637
1781683955.635862,2026-06-17T16:12:35.635,1781683955.393595,right,base,1,pelvis,1000,0.001,-0.0114884,-0.383228818,-0.0444055,0.801651753,0.588293213,0.106138665,0.000381761399,0.217126725,-0.195660996,-0.256128793,-0.299910904,-0.0271169446,0.0156570211,0.349176144,1,1,0.0108364246,0.00194415963,11000,175.356669,,0.00320086987,-0.260247844,-0.281215578,0.0920812692,-0.0564781787,-0.135012348,0.426596841
1781683955.813812,2026-06-17T16:12:35.813,1781683955.493601,right,base,1,pelvis,1000,0.001,-0.0415636,-0.428693368,-0.126314,0.805103455,0.584215321,0.101764316,0.0120378508,0.0373609942,-0.253012683,-0.287507371,0.0737915829,-0.0646848519,-0.126983315,0.402122886,1,1,0.102402723,0.0359639273,11000,176.188997,,0.118519718,-0.26049998,-0.306394173,-0.0484176071,-0.0897889799,-0.0762673607,0.439458446
1781683955.992075,2026-06-17T16:12:35.992,1781683955.626941,right,base,1,pelvis,1000,0.001,-0.10341665,-0.477352868,-0.1996,0.836669456,0.543337053,0.0591664113,0.0356146646,0.109557642,-0.259303807,-0.296853195,-0.0474672741,-0.0809154318,-0.0776346425,0.433266664,1,1,0.197023448,0.131636833,11000,176.462994,,0.279971295,-0.309788867,-0.387834753,-0.149783011,-0.224180692,-0.16913371,0.514707616
1781683956.167499,2026-06-17T16:12:36.167,1781683955.643618,right,base,1,pelvis,1000,0.001,-0.10514485,-0.483867418,-0.2103085,0.841501859,0.536833207,0.0467948973,0.0386648085,0.270143547,-0.307740742,-0.377661708,-0.148471193,-0.214531544,-0.16692762,0.508033944,1,1,0.208599783,0.146831241,11000,173.385161,,0.270143547,-0.307740742,-0.377661708,-0.148471193,-0.214531544,-0.16692762,0.508033944
1781683956.337262,2026-06-17T16:12:36.337,1781683955.676952,right,base,1,pelvis,1000,0.001,-0.10471665,-0.492618368,-0.2290565,0.847965115,0.528207343,0.0217425949,0.0384633211,0.271028681,-0.308858554,-0.378509075,-0.14891081,-0.215436213,-0.167051642,0.508406974,1,1,0.225907755,0.137150819,11000,167.244998,,0.178503491,-0.40770696,1.35668536,-0.246946479,-1.9191068,-0.0164657266,0.268221789
1781683956.507415,2026-06-17T16:12:36.507,1781683955.743624,right,base,1,pelvis,1000,0.001,-0.08942195,-0.505239218,-0.2489755,0.85330671,0.520955703,-0.0150042168,0.0157381216,0.270143558,-0.322763781,0.121490925,-0.188574188,-0.715436213,-0.0744451196,0.418114884,1,1,0.246891214,0.219650361,11000,163.866948,,0.270143558,-0.322763781,0.121490925,-0.188574188,-0.715436213,-0.0744451196,0.418114884
1781683956.672220,2026-06-17T16:12:36.672,1781683955.760305,right,base,1,pelvis,1000,0.001,-0.0899574,-0.505207768,-0.2470445,0.853111317,0.521214324,-0.0192911892,0.0128280694,0.23627291,-0.354159224,0.315189273,-0.210148892,-0.866022014,-0.0530156329,0.362713613,1,1,0.244593206,0.213739398,11000,163.106193,,0.23627291,-0.354159224,0.315189273,-0.210148892,-0.866022014,-0.0530156329,0.362713613
1781683956.838902,2026-06-17T16:12:36.838,1781683955.843643,right,base,1,pelvis,1000,0.001,-0.09596745,-0.495863368,-0.241771,0.844042848,0.535612281,-0.0186924866,0.0190196257,0.250500821,-0.340971063,0.233823164,-0.20108609,-0.802766025,-0.0620174338,0.385985808,1,1,0.237806183,0.217019214,11000,164.068899,,0.250500821,-0.340971063,0.233823164,-0.20108609,-0.802766025,-0.0620174338,0.385985808
1781683957.004467,2026-06-17T16:12:37.004,1781683955.893640,right,base,1,pelvis,1000,0.001,-0.09395355,-0.496911968,-0.249767,0.838249129,0.544563077,-0.0105241825,0.0260517665,0.243468437,-0.347489533,0.27403973,-0.205565532,-0.83403136,-0.0575681426,0.374483135,1,1,0.245336444,0.196756829,11000,163.793559,,0.243468437,-0.347489533,0.27403973,-0.205565532,-0.83403136,-0.0575681426,0.374483135
1781683957.171312,2026-06-17T16:12:37.171,1781683955.926979,right,base,1,pelvis,1000,0.001,-0.0916328,-0.496999168,-0.2547955,0.836341251,0.547501438,-0.00718976046,0.0269034557,0.247571538,-0.343686279,0.250575049,-0.202951965,-0.815789347,-0.0601641175,0.381194463,1,1,0.249622495,0.194708709,11000,165.474272,,0.247571538,-0.343686279,0.250575049,-0.202951965,-0.815789347,-0.0601641175,0.381194463
1781683957.335209,2026-06-17T16:12:37.335,1781683955.926979,right,base,1,pelvis,1000,0.001,-0.0916328,-0.496999168,-0.2547955,0.836341251,0.547501438,-0.00718976046,0.0269034557,0.244693855,-0.346353666,0.257300527,-0.204784973,-0.821017897,-0.058627596,0.376487516,1,1,0.249637894,0.193132933,11000,162.928306,,0.244693855,-0.346353666,0.257300527,-0.204784973,-0.821017897,-0.058627596,0.376487516
1781683957.499945,2026-06-17T16:12:37.499,1781683956.043654,right,base,1,pelvis,1000,0.001,-0.08760635,-0.492038868,-0.2742315,0.831369187,0.5540936,0.0119450775,0.0407783209,0.245765269,-0.346068964,0.256017805,-0.204589328,-0.819497885,-0.0588218049,0.37698991,1,1,0.266158179,0.158965044,11000,161.989425,,0.245765269,-0.346068964,0.256017805,-0.204589328,-0.819497885,-0.0588218049,0.37698991
1781683957.669790,2026-06-17T16:12:37.669,1781683956.043654,right,base,1,pelvis,1000,0.001,-0.08760635,-0.492038868,-0.2742315,0.831369187,0.5540936,0.0119450775,0.0407783209,0.245500209,-0.346343469,0.256239053,-0.204693702,-0.819669934,-0.0587712665,0.376819913,1,1,0.266170852,0.158938731,11000,167.605476,,0.245500209,-0.346343469,0.256239053,-0.204693702,-0.819669934,-0.0587712665,0.376819913
1781683957.834676,2026-06-17T16:12:37.834,1781683956.110334,right,base,1,pelvis,1000,0.001,-0.0848888,-0.494332618,-0.279436,0.832452788,0.551909593,0.015815154,0.0465621865,0.245765266,-0.346068967,0.256017807,-0.204589329,-0.819497887,-0.0588218043,0.376989908,1,1,0.271310081,0.150384672,11000,163.064876,,0.245765266,-0.346068967,0.256017807,-0.204589329,-0.819497887,-0.0588218043,0.376989908
1781683957.999906,2026-06-17T16:12:37.999,1781683956.193671,right,base,1,pelvis,1000,0.001,-0.0838265,-0.493195718,-0.2822955,0.833236915,0.549701029,0.023770819,0.0545891005,0.245765269,-0.346068964,0.256017805,-0.204589328,-0.819497885,-0.0588218049,0.37698991,1,1,0.273642242,0.136267211,11000,163.732427,,0.245765269,-0.346068964,0.256017805,-0.204589328,-0.819497885,-0.0588218049,0.37698991
1781683958.162991,2026-06-17T16:12:38.162,1781683956.295661,right,base,1,pelvis,1000,0.001,-0.08244695,-0.492571118,-0.2843615,0.83141879,0.551534343,0.0253305353,0.0625382141,0.245765269,-0.346068964,0.256017805,-0.204589328,-0.819497885,-0.0588218049,0.37698991,1,1,0.275305626,0.139554062,11000,161.377867,,0.245765269,-0.346068964,0.256017805,-0.204589328,-0.819497885,-0.0588218049,0.37698991
1781683958.326703,2026-06-17T16:12:38.326,1781683956.295661,right,base,1,pelvis,1000,0.001,-0.08244695,-0.492571118,-0.2843615,0.83141879,0.551534343,0.0253305353,0.0625382141,0.245765269,-0.346068964,0.256017805,-0.204589328,-0.819497885,-0.0588218049,0.37698991,1,1,0.281247612,0.106163653,11000,162.156431,,0.304175038,-0.302059813,-2.25115855,0.151287301,1.66324532,-0.269072625,0.288614527
1781683958.494401,2026-06-17T16:12:38.494,1781683956.329012,right,base,1,pelvis,1000,0.001,-0.0827093,-0.492558168,-0.2846955,0.830682511,0.552394704,0.0251549141,0.0647602237,0.245765269,-0.346068964,0.256017805,-0.204589328,-0.819497885,-0.0588218049,0.37698991,1,1,0.275658299,0.142204755,11000,165.69628,,0.245765269,-0.346068964,0.256017805,-0.204589328,-0.819497885,-0.0588218049,0.37698991
1781683958.659216,2026-06-17T16:12:38.659,1781683956.362341,right,base,1,pelvis,1000,0.001,-0.0830784,-0.492493868,-0.285149,0.829777389,0.55343833,0.0252689002,0.0673571263,0.245881065,-0.345981717,0.251047372,-0.203883809,-0.81457589,-0.0592386234,0.376814707,1,1,0.276072552,0.143721754,11000,163.125692,,0.245881065,-0.345981717,0.251047372,-0.203883809,-0.81457589,-0.0592386234,0.376814707
1781683958.825698,2026-06-17T16:12:38.825,1781683956.362341,right,base,1,pelvis,1000,0.001,-0.0830784,-0.492493868,-0.285149,0.829777389,0.55343833,0.0252689002,0.0673571263,0.245878507,-0.345983644,0.251157179,-0.203899395,-0.814684627,-0.0592294151,0.376818578,1,1,0.276073769,0.143749427,11000,164.214158,,0.245878507,-0.345983644,0.251157179,-0.203899395,-0.814684627,-0.0592294151,0.376818578
1781683958.991601,2026-06-17T16:12:38.991,1781683956.412347,right,base,1,pelvis,1000,0.001,-0.0833045,-0.492621118,-0.2856575,0.828757548,0.55460171,0.02532571,0.0702600779,0.24587869,-0.345983506,0.251149334,-0.203898282,-0.814676859,-0.0592300729,0.376818301,1,1,0.276622687,0.147159889,11000,163.355959,,0.24587869,-0.345983506,0.251149334,-0.203898282,-0.814676859,-0.0592300729,0.376818301
1781683959.160225,2026-06-17T16:12:39.160,1781683956.462347,right,base,1,pelvis,1000,0.001,-0.0832679,-0.492918418,-0.2863325,0.82782923,0.555544873,0.0255129289,0.0736053621,0.245879029,-0.345983251,0.25113479,-0.203896217,-0.814662456,-0.0592312926,0.376817789,1,1,0.284771726,0.0595605831,11000,166.71827,,0.328871194,-0.328485033,-2.2326649,0.1853911,1.68526536,-0.261819115,0.221832495
1781683959.325559,2026-06-17T16:12:39.325,1781683956.462347,right,base,1,pelvis,1000,0.001,-0.0832679,-0.492918418,-0.2863325,0.82782923,0.555544873,0.0255129289,0.0736053621,0.245879505,-0.345982892,0.251114364,-0.203893318,-0.814642229,-0.0592330055,0.376817069,1,1,0.277337013,0.150733436,11000,163.11082,,0.245879505,-0.345982892,0.251114364,-0.203893318,-0.814642229,-0.0592330055,0.376817069
1781683959.492008,2026-06-17T16:12:39.492,1781683956.562384,right,base,1,pelvis,1000,0.001,-0.0841674,-0.492044018,-0.285298,0.826404964,0.556877242,0.0261392068,0.0791158276,0.255606696,-0.343932024,-0.0400014965,-0.158266531,-0.521636019,-0.0829774785,0.35865182,1,1,0.275177749,0.0783699604,11000,164.94989,,0.255606696,-0.343932024,-0.0400014965,-0.158266531,-0.521636019,-0.0829774785,0.35865182
1781683959.659276,2026-06-17T16:12:39.659,1781683956.579047,right,base,1,pelvis,1000,0.001,-0.08451235,-0.491463368,-0.284189,0.826035357,0.557306434,0.0264629313,0.0798426057,0.254023406,-0.344265843,0.00738328958,-0.16569318,-0.569328497,-0.0791126022,0.361608569,1,1,0.273831745,0.0893131262,11000,165.692282,,0.254023406,-0.344265843,0.00738328958,-0.16569318,-0.569328497,-0.0791126022,0.361608569
1781683959.824971,2026-06-17T16:12:39.824,1781683956.729074,right,base,1,pelvis,1000,0.001,-0.08453455,-0.492550518,-0.285297,0.825805191,0.558267778,0.0309088715,0.0736716772,0.254363608,-0.344194115,-0.00279829613,-0.164097414,-0.559080797,-0.0799430496,0.360973251,1,1,0.275112524,0.0798890033,11000,163.077513,,0.254363608,-0.344194115,-0.00279829613,-0.164097414,-0.559080797,-0.0799430496,0.360973251
1781683959.989025,2026-06-17T16:12:39.989,1781683956.795742,right,base,1,pelvis,1000,0.001,-0.0835297,-0.494651918,-0.288371,0.825369769,0.558531087,0.0372414968,0.0736263554,0.25427173,-0.344213487,-4.85634972e-05,-0.164528381,-0.561848385,-0.0797187713,0.361144831,1,1,0.278373483,0.074872191,11000,162.151956,,0.25427173,-0.344213487,-4.85634972e-05,-0.164528381,-0.561848385,-0.0797187713,0.361144831
1781683960.156682,2026-06-17T16:12:40.156,1781683956.795742,right,base,1,pelvis,1000,0.001,-0.0835297,-0.494651918,-0.288371,0.825369769,0.558531087,0.0372414968,0.0736263554,0.254302328,-0.344207035,-0.000964296576,-0.164384858,-0.560926706,-0.0797934619,0.36108769,1,1,0.278376059,0.0747233294,11000,166.141191,,0.254302328,-0.344207035,-0.000964296576,-0.164384858,-0.560926706,-0.0797934619,0.36108769
1781683960.325884,2026-06-17T16:12:40.325,1781683956.812417,right,base,1,pelvis,1000,0.001,-0.0831945,-0.495231968,-0.289313,0.825441007,0.558282984,0.0396280045,0.0734634305,0.254289579,-0.344209723,-0.000582746899,-0.164444658,-0.561310733,-0.0797623413,0.361111499,1,1,0.279368181,0.0723479431,11000,166.956763,,0.254289579,-0.344209723,-0.000582746899,-0.164444658,-0.561310733,-0.0797623413,0.361111499
1781683960.496820,2026-06-17T16:12:40.496,1781683956.845768,right,base,1,pelvis,1000,0.001,-0.08337585,-0.495159318,-0.289449,0.825772488,0.557777027,0.041434246,0.0725795386,0.254296165,-0.344208335,-0.000779856015,-0.164413765,-0.561112344,-0.0797784182,0.361099199,1,1,0.279504351,0.0695338284,11000,168.227676,,0.254296165,-0.344208335,-0.000779856015,-0.164413765,-0.561112344,-0.0797784182,0.361099199
1781683960.658157,2026-06-17T16:12:40.658,1781683956.979119,right,base,1,pelvis,1000,0.001,-0.08403565,-0.494733618,-0.2875245,0.832206284,0.548766341,0.0440100957,0.0659644959,0.254300115,-0.344207502,-0.000898080297,-0.164395236,-0.560993352,-0.079788061,0.361091822,1,1,0.277589573,0.0455063132,11000,159.692343,,0.254300115,-0.344207502,-0.000898080297,-0.164395236,-0.560993352,-0.079788061,0.361091822
1781683960.823373,2026-06-17T16:12:40.823,1781683957.262464,right,base,1,pelvis,1000,0.001,-0.0808438,-0.498494868,-0.295503,0.843879722,0.526612688,0.0542982113,0.0871653354,0.254301813,-0.344207144,-0.000948871258,-0.164387275,-0.560942231,-0.0797922037,0.361088653,1,1,0.285829098,0.0449793709,11000,162.076432,,0.254301813,-0.344207144,-0.000948871258,-0.164387275,-0.560942231,-0.0797922037,0.361088653
1781683960.988629,2026-06-17T16:12:40.988,1781683957.262464,right,base,1,pelvis,1000,0.001,-0.0808438,-0.498494868,-0.295503,0.843879722,0.526612688,0.0542982113,0.0871653354,0.254302292,-0.344207043,-0.000963232333,-0.164385024,-0.560927777,-0.0797933751,0.361087757,1,1,0.28582914,0.0449775573,11000,163.031549,,0.254302292,-0.344207043,-0.000963232333,-0.164385024,-0.560927777,-0.0797933751,0.361087757
1781683961.156437,2026-06-17T16:12:41.156,1781683957.312469,right,base,1,pelvis,1000,0.001,-0.08042595,-0.498790418,-0.2962525,0.845119673,0.524067382,0.0546279162,0.0902325295,0.254302328,-0.344207035,-0.000964296576,-0.164384858,-0.560926706,-0.0797934619,0.36108769,1,1,0.286590685,0.0522906957,11000,165.733124,,0.254302328,-0.344207035,-0.000964296576,-0.164384858,-0.560926706,-0.0797934619,0.36108769
1781683961.320718,2026-06-17T16:12:41.320,1781683957.362479,right,base,1,pelvis,1000,0.001,-0.0828669,-0.492670018,-0.290325,0.847520603,0.518569913,0.0552437986,0.0987025581,0.254302328,-0.344207035,-0.000964296576,-0.164384858,-0.560926706,-0.0797934619,0.36108769,1,1,0.279968775,0.072245773,11000,161.986464,,0.254302328,-0.344207035,-0.000964296576,-0.164384858,-0.560926706,-0.0797934619,0.36108769
1781683961.486391,2026-06-17T16:12:41.486,1781683957.379153,right,base,1,pelvis,1000,0.001,-0.08376405,-0.486752968,-0.2838055,0.848555772,0.516335221,0.0549980276,0.101618196,0.254302328,-0.344207035,-0.000964296576,-0.164384858,-0.560926706,-0.0797934619,0.36108769,1,1,0.272797029,0.0794769374,11000,163.235418,,0.254302328,-0.344207035,-0.000964296576,-0.164384858,-0.560926706,-0.0797934619,0.36108769
1781683961.653864,2026-06-17T16:12:41.653,1781683957.379153,right,base,1,pelvis,1000,0.001,-0.08376405,-0.486752968,-0.2838055,0.848555772,0.516335221,0.0549980276,0.101618196,0.254302328,-0.344207035,-0.000964296576,-0.164384858,-0.560926706,-0.0797934619,0.36108769,1,1,0.272797029,0.0794769374,11000,166.074119,,0.254302328,-0.344207035,-0.000964296576,-0.164384858,-0.560926706,-0.0797934619,0.36108769
1781683961.819585,2026-06-17T16:12:41.819,1781683957.429147,right,base,1,pelvis,1000,0.001,-0.0749174,-0.458866168,-0.252726,0.850407988,0.513067779,0.0543031338,0.103047939,0.254302328,-0.344207035,-0.000964296576,-0.164384858,-0.560926706,-0.0797934619,0.36108769,1,1,0.239201683,0.0851843123,11000,163.502739,,0.254302328,-0.344207035,-0.000964296576,-0.164384858,-0.560926706,-0.0797934619,0.36108769
1781683961.985773,2026-06-17T16:12:41.985,1781683957.445816,right,base,1,pelvis,1000,0.001,-0.0693117,-0.445405818,-0.241242,0.85037297,0.513169507,0.0553038961,0.102295393,0.254302328,-0.344207035,-0.000964296576,-0.164384858,-0.560926706,-0.0797934619,0.36108769,1,1,0.227574348,0.0838242889,11000,164.203665,,0.254302328,-0.344207035,-0.000964296576,-0.164384858,-0.560926706,-0.0797934619,0.36108769
1781683962.157907,2026-06-17T16:12:42.157,1781683957.495827,right,base,1,pelvis,1000,0.001,-0.05770465,-0.413552568,-0.2080875,0.837859466,0.532100744,0.0652771097,0.102952483,0.254302328,-0.344207035,-0.000964296576,-0.164384858,-0.560926706,-0.0797934619,0.36108769,1,1,0.198265514,0.0800565977,11000,170.318413,,0.254302328,-0.344207035,-0.000964296576,-0.164384858,-0.560926706,-0.0797934619,0.36108769
1781683962.337289,2026-06-17T16:12:42.337,1781683957.529175,right,base,1,pelvis,1000,0.001,-0.04293205,-0.384736118,-0.1749135,0.815969985,0.563079263,0.0754406865,0.106973969,0.254302328,-0.344207035,-0.000964296576,-0.164384858,-0.560926706,-0.0797934619,0.36108769,1,1,0.176124049,0.126561155,11000,177.199927,,0.254302328,-0.344207035,-0.000964296576,-0.164384858,-0.560926706,-0.0797934619,0.36108769
1781683962.514504,2026-06-17T16:12:42.514,1781683957.562505,right,base,1,pelvis,1000,0.001,-0.02148395,-0.372654368,-0.162974,0.793853959,0.592839844,0.0771097816,0.11131439,0.254302328,-0.344207035,-0.000964296576,-0.164384858,-0.560926706,-0.0797934619,0.36108769,1,1,0.134844117,0.147473541,11000,176.012136,,0.195446211,-0.152276637,0.854937663,-0.216702889,-1.30680236,-0.323291287,0.0363653287
1781683962.688938,2026-06-17T16:12:42.688,1781683957.579166,right,base,1,pelvis,1000,0.001,-0.0123884,-0.368196418,-0.1589075,0.781045717,0.609608132,0.0768639863,0.111523273,0.254302328,-0.344207035,-0.000964296576,-0.164384858,-0.560926706,-0.0797934619,0.36108769,1,1,0.126335943,0.146247201,11000,172.191823,,0.125402409,-0.185347666,0.105128337,-0.161469122,-0.456979081,-0.237258892,0.279011671
1781683962.862291,2026-06-17T16:12:42.862,1781683957.629168,right,base,1,pelvis,1000,0.001,-0.01058305,-0.351251368,-0.1411765,0.755727999,0.641779309,0.0771041406,0.105116416,0.250738695,-0.332585992,0.0508590407,-0.167552621,-0.606088146,-0.0945368209,0.34142633,1,1,0.100844683,0.127410544,11000,170.638802,,0.00215337413,-0.0962683361,0.262943538,0.102985048,-0.4023454,-0.350178431,0.220913539
1781683963.030890,2026-06-17T16:12:43.030,1781683957.679188,right,base,1,pelvis,1000,0.001,-0.0032266,-0.318236568,-0.103602,0.721487007,0.681641861,0.0765058917,0.0946980443,0.199354211,-0.272222264,0.0731079832,-0.165058551,-0.544957466,-0.153049007,0.31583801,1,1,0.0538377925,0.0608957602,11000,167.044493,,0.044702707,-0.0563815212,1.50837337,-0.00197547016,-1.59223614,-0.23279929,0.0110497591
1781683963.205596,2026-06-17T16:12:43.205,1781683957.679188,right,base,1,pelvis,1000,0.001,-0.0032266,-0.318236568,-0.103602,0.721487007,0.681641861,0.0765058917,0.0946980443,0.0527127482,-0.141380318,0.214272513,0.0342626386,-0.438909022,-0.299637366,0.245250768,1,1,0.0566892766,0.088338462,11000,172.553839,,0.111596797,-0.113031977,0.250886615,-0.103833214,-0.402222186,-0.238495921,0.147031329
1781683963.408853,2026-06-17T16:12:43.408,1781683957.745863,right,base,1,pelvis,1000,0.001,0.0144827,-0.292806368,-0.0843725,0.696647429,0.708879487,0.0658959301,0.0884870594,0.0503321219,-0.116118229,0.598886082,0.0234924824,-0.781683899,-0.279772739,0.175644998,1,1,0.0389085203,0.0543274022,11000,200.875206,,0.142254032,0.0349809138,-0.490376841,-0.2759796,0.4998488,-0.0961856971,0.0124224571
1781683963.605873,2026-06-17T16:12:43.605,1781683957.762538,right,base,1,pelvis,1000,0.001,0.01632925,-0.286489468,-0.081763,0.692319842,0.713918926,0.0604008357,0.0858180806,0.0824107631,-0.114502244,0.416670963,-0.0431762027,-0.582994913,-0.258159889,0.160662668,1,1,0.0302874876,0.0723869389,11000,194.722222,,0.0314572146,-0.0425420382,0.721643304,-0.0552020639,-0.620870343,-0.198581511,-0.0174013286
1781683963.780966,2026-06-17T16:12:43.780,1781683957.795878,right,base,1,pelvis,1000,0.001,0.01370875,-0.273739268,-0.0674935,0.689014009,0.719073148,0.0454026778,0.0783077287,0.112696673,-0.0388507367,-0.0423742882,-0.160995014,-0.0829949133,-0.176186829,0.0856401997,1,1,0.0150504878,0.0010490556,11000,174.031102,,0.00237685586,0.00584449982,0.0438439521,0.00424202498,0.00517179196,-0.17895453,-0.0560212624
1781683963.783227,2026-06-17T16:12:43.783,1781683957.895874,right,base,1,pelvis,1000,0.001,0.015054,-0.244143968,-0.0474435,0.68519306,0.726320974,0.00577272953,0.0541755319,0.0657726176,-0.040982839,0.3532529,-0.0998888181,-0.309759752,-0.189122037,0.0261232298,1,1,7.48383179e-07,0.000532515884,19,0.193381,,0.111527568,0.0182908095,0.365506098,-0.258060856,-0.293942799,0.0552596517,-0.171855642
1781683963.978386,2026-06-17T16:12:43.978,1781683963.729806,right,base,1,pelvis,1000,0.001,0.056054,-0.467349218,0.0254775,-0.422662636,-0.546397296,-0.251624812,0.677857836,0.0650812558,-0.0404721639,0.349878644,-0.105108039,-0.306325269,-0.183902816,0.0222586932,1,1,0.192256765,0.231828981,11000,177.46328,,-0.301964045,-0.738388946,1.9481714,-0.732469897,-1.44473559,0.247060459,1.51260551
1781683964.186385,2026-06-17T16:12:44.186,1781683963.846498,right,base,1,pelvis,1000,0.001,0.054091,-0.460984518,0.027872,-0.429743024,-0.544399763,-0.251583346,0.675022704,0.102087128,-0.31909682,0.362329741,-0.342972407,-0.296459597,0.0422294732,0.302828658,1,1,0.325385383,0.234701939,11000,206.298128,,-2.77912518,-2.79101187,-2.72580237,-0.166106843,0.184366769,0.109714853,1.57
1781683964.359091,2026-06-17T16:12:44.359,1781683963.913188,right,base,1,pelvis,1000,0.001,0.0542971,-0.460108568,0.027022,-0.428950978,-0.545209544,-0.251265655,0.674991246,-0.0569963235,-0.484180956,0.862329741,-0.496325767,-0.748560025,0.122875744,0.779143269,1,1,0.22665742,0.243117736,11000,170.572646,,-0.00311971142,-0.225539024,2.16137833,0.00442010595,-1.64632809,0.224696348,1.57
1781683964.531450,2026-06-17T16:12:44.531,1781683964.029858,right,base,1,pelvis,1000,0.001,0.05522715,-0.458719218,0.025766,-0.42817139,-0.547121237,-0.251927171,0.673691556,-0.336644776,-0.721165217,0.605317022,-0.462401873,-0.652719031,0.121523705,0.860389189,1,1,0.322812839,0.238294317,11000,169.65836,,-2.78571436,-2.77549938,-2.69007834,-0.141425847,0.106749734,0.10591611,1.57
1781683964.707476,2026-06-17T16:12:44.707,1781683964.046529,right,base,1,pelvis,1000,0.001,0.05576065,-0.458381418,0.025589,-0.428798865,-0.547153318,-0.251788258,0.673318241,-0.295536581,-0.836300356,0.731903527,-0.404864342,-0.775185013,0.134240114,0.947851339,1,1,0.227433877,0.253856468,11000,173.12493,,-2.79,-2.29017241,-2.18483686,-0.885851114,-0.79257701,0.52,1.57
1781683964.879090,2026-06-17T16:12:44.879,1781683964.046529,right,base,1,pelvis,1000,0.001,0.05576065,-0.458381418,0.025589,-0.428798865,-0.547153318,-0.251788258,0.673318241,-0.62613781,-1.09375249,0.27759403,-0.369889695,-0.658097504,0.13047976,1.0304491,1,1,0.420942469,0.0764137643,11000,170.010047,,-2.79,-3.07254193,-2.18056532,0.26,-0.513522453,-0.270719154,1.57
1781683965.050643,2026-06-17T16:12:45.050,1781683964.046529,right,base,1,pelvis,1000,0.001,0.05576065,-0.458381418,0.025589,-0.428798865,-0.547153318,-0.251788258,0.673318241,-0.9542447,-1.50932999,-0.0957848954,-0.448125036,-0.678488661,0.0925567884,1.11226132,1,1,0.351052446,0.155380047,11000,169.782247,,-2.79,-2.80613514,-2.77348661,0.0126064094,0.107204002,-0.207535712,1.57
1781683965.216664,2026-06-17T16:12:45.216,1781683964.046529,right,base,1,pelvis,1000,0.001,0.05576065,-0.458381418,0.025589,-0.428798865,-0.547153318,-0.251788258,0.673318241,-1.27716852,-1.78431128,-0.595784895,-0.323560263,-0.649469805,0.0286536881,1.19278116,1,1,0.333474161,0.311180865,11000,163.666321,,-2.79,-2.57964589,-1.92113642,-0.470867077,-0.468309422,0.245403177,1.57
1781683965.392691,2026-06-17T16:12:45.392,1781683964.229883,right,base,1,pelvis,1000,0.001,0.05893555,-0.456639218,0.0240245,-0.429249704,-0.551635981,-0.251729372,0.669383865,-1.57449094,-1.98513414,-1.08107953,-0.257492171,-0.500757875,0.0125682929,1.26691739,1,1,0.17391735,0.24837215,11000,173.978475,,-0.222514621,-0.517299878,2.07860823,-0.392889933,-1.61769793,0.215672794,1.57
1781683965.565592,2026-06-17T16:12:45.565,1781683964.229883,right,base,1,pelvis,1000,0.001,0.05893555,-0.456639218,0.0240245,-0.429249704,-0.551635981,-0.251729372,0.669383865,-1.28172814,-1.74368434,-0.581079528,-0.308204093,-0.493045987,0.0679051865,1.33894977,1,1,0.212281774,0.236503723,11000,171.527247,,-0.0779689855,-0.361527969,2.20779397,-0.20304956,-1.74863385,0.269700999,1.57
1781683965.738400,2026-06-17T16:12:45.738,1781683964.263222,right,base,1,pelvis,1000,0.001,0.05888845,-0.455825268,0.0235125,-0.430048677,-0.554041102,-0.250002918,0.667529126,-1.01183011,-1.43878645,-0.0810795279,-0.322205642,-0.678990517,0.0923363703,1.3771505,1,1,0.19784681,0.152588833,11000,170.484732,,-0.0953573486,-0.501408618,1.88466357,-0.354476957,-1.28610026,0.166012306,1.57
1781683965.916106,2026-06-17T16:12:45.916,1781683964.329892,right,base,1,pelvis,1000,0.001,0.05986305,-0.451975818,0.0235525,-0.43139036,-0.557533433,-0.247642744,0.664629145,-0.837012792,-1.23712537,0.418920472,-0.299899812,-0.879226053,0.125538748,1.41325162,1,1,0.211554536,0.159942083,11000,175.949986,,-0.417402685,-0.579728538,2.13389237,-0.725455791,-1.33381489,0.401239129,1.53728331
1781683966.085954,2026-06-17T16:12:46.085,1781683964.329892,right,base,1,pelvis,1000,0.001,0.05986305,-0.451975818,0.0235525,-0.43139036,-0.557533433,-0.247642744,0.664629145,-0.676450617,-1.07784887,0.918920472,-0.509356675,-0.967310901,0.199221988,1.44718633,1,1,0.23947831,0.244871101,11000,167.647009,,-0.0929423821,-0.302664789,2.46479403,-0.230516302,-1.76809056,0.345351438,1.57
1781683966.277649,2026-06-17T16:12:46.277,1781683964.396564,right,base,1,pelvis,1000,0.001,0.05899985,-0.443554118,0.0252405,-0.432778711,-0.561645402,-0.243830555,0.661667357,-0.545116573,-0.837036287,1.41892047,-0.426585656,-1.05360826,0.246789125,1.46840064,1,1,0.258843009,0.0890524922,11000,189.44146,,-0.154617259,-0.175407704,1.73849625,-0.184739168,-1.15271927,0.407265572,1.54190066
1781683966.465344,2026-06-17T16:12:46.465,1781683964.446569,right,base,1,pelvis,1000,0.001,0.0599515,-0.443099668,0.0248055,-0.433416777,-0.564587758,-0.240421809,0.659990844,-0.411123675,-0.566441717,1.84486765,-0.328107727,-1.26533099,0.297872818,1.49850761,1,1,0.260289288,0.0605984426,11000,184.770824,,-0.0978534853,-0.344041383,2.27690299,-0.389193954,-1.6928321,0.133948552,1.45341734
1781683966.649009,2026-06-17T16:12:46.649,1781683964.463240,right,base,1,pelvis,1000,0.001,0.06011325,-0.441006118,0.024856,-0.433599181,-0.566173923,-0.238397239,0.659246234,-0.309491804,-0.435978493,1.87857741,-0.338158724,-1.34042221,0.164297301,1.46258228,1,1,0.312715252,0.217702211,11000,181.643264,,-2.67635762,-2.57406454,-2.32223414,-0.568358114,-0.278627138,0.35195846,1.57
1781683966.818178,2026-06-17T16:12:46.818,1781683964.546609,right,base,1,pelvis,1000,0.001,0.0600649,-0.431335118,0.0255625,-0.431480168,-0.572066202,-0.230465671,0.658369728,-0.716829373,-0.935978493,1.37857741,-0.357382363,-1.17888036,0.15286572,1.45913008,1,1,0.260989654,0.260718131,11000,167.142509,,-2.79,-2.81452641,-2.78785096,-0.472652355,0.336021871,0.201395435,1.57
1781683966.984798,2026-06-17T16:12:46.984,1781683964.663309,right,base,1,pelvis,1000,0.001,0.060688,-0.395170968,0.0270765,-0.42360707,-0.585367198,-0.215324296,0.656915323,-1.05237726,-1.43597849,0.87857741,-0.385084331,-0.678880361,0.1790074,1.47368775,1,1,0.225602287,0.331998449,11000,164.685327,,0.0668245246,-0.139066078,2.21926821,0.0308815725,-1.92148279,0.208128276,1.57
1781683967.142291,2026-06-17T16:12:47.142,1781683964.729961,right,base,1,pelvis,1000,0.001,0.0636729,-0.384518868,0.0261755,-0.416382133,-0.592025611,-0.208483375,0.657773728,-0.696713248,-1.03466348,0.880451121,-0.351547281,-0.662254214,0.182180379,1.48733775,1,1,0.28335163,0.125351134,11000,155.420569,,-2.79,-2.81792033,-2.51345755,-0.427787643,0.0815163449,0.257769472,1.57
1781683967.300266,2026-06-17T16:12:47.300,1781683964.863311,right,base,1,pelvis,1000,0.001,0.0714282,-0.355023518,0.021388,-0.404098738,-0.60263001,-0.185652637,0.662626878,-1.16827778,-1.50622801,0.40888659,-0.295652686,-0.573777901,0.185972842,1.49941941,1,1,0.228265791,0.0936460069,11000,155.897689,,-2.79,-2.53141482,-2.31765393,-0.869551946,-0.184800158,0.495754367,1.57
1781683967.454999,2026-06-17T16:12:47.454,1781683964.863311,right,base,1,pelvis,1000,0.001,0.0714282,-0.355023518,0.021388,-0.404098738,-0.60263001,-0.185652637,0.662626878,-1.64216188,-1.98011212,-0.0649975155,-0.652945716,-0.469134143,0.300970298,1.5106904,1,1,0.0728611318,0.434601485,11000,152.809306,,2.63748157,-2.88143091,0.44734992,-0.254648257,-2.71516518,0.0614667612,1.57
1781683967.612545,2026-06-17T16:12:47.612,1781683964.896646,right,base,1,pelvis,1000,0.001,0.06838855,-0.342428368,0.0231495,-0.399820494,-0.605555776,-0.179230144,0.664320954,-1.177918,-2.26833216,-0.498411619,-0.58925207,-0.933378032,0.195422964,1.52080128,1,1,0.137859977,0.112958218,11000,155.940047,,-0.472045495,-0.316187774,2.6490721,-0.546186831,-1.84824123,0.400410982,1.4982358
1781683967.766591,2026-06-17T16:12:47.766,1781683964.913337,right,base,1,pelvis,1000,0.001,0.0647716,-0.328303768,0.0250105,-0.394865053,-0.608757544,-0.172725924,0.666079272,-0.70536212,-1.79577628,-0.0258557431,-0.547853316,-1.30586687,0.178849274,1.51660712,1,1,0.207904326,0.139976316,11000,152.644454,,-2.79,-2.58245806,-2.40741243,-0.807709433,-0.02626038,0.506700503,1.57
1781683967.925601,2026-06-17T16:12:47.925,1781683965.013363,right,base,1,pelvis,1000,0.001,0.05293535,-0.295631018,0.0286785,-0.375478124,-0.621638919,-0.152207375,0.670383583,-1.16750745,-1.93416804,-0.488001072,-0.570045798,-0.843721538,0.278165129,1.51420994,1,1,0.193554314,0.139072358,11000,157.336086,,-2.79,-2.75574101,-2.6170162,-0.659347029,0.250563243,0.474994102,1.57
1781683968.075861,2026-06-17T16:12:48.075,1781683965.013363,right,base,1,pelvis,1000,0.001,0.05293535,-0.295631018,0.0286785,-0.375478124,-0.621638919,-0.152207375,0.670383583,-1.64464454,-2.16836492,-0.96513816,-0.604469111,-0.366584449,0.3112663,1.5222906,1,1,0.097020811,0.223663223,11000,148.66642,,-0.21244933,-0.0635350365,2.34962378,-0.0196575295,-1.45528783,0.424512584,1.49688755
1781683968.222549,2026-06-17T16:12:48.222,1781683965.080040,right,base,1,pelvis,1000,0.001,0.054044,-0.276639968,0.018429,-0.363372191,-0.629292918,-0.134358132,0.673720243,-1.1939197,-1.71764008,-0.51441332,-0.293370279,-0.613475437,0.335514873,1.51138526,1,1,0.227646146,0.248715483,11000,144.976268,,-2.79,-2.32707168,-2.03294491,-1.08706838,-0.756962618,0.52,1.25702432
1781683968.366367,2026-06-17T16:12:48.366,1781683965.146700,right,base,1,pelvis,1000,0.001,0.0549587,-0.266637918,0.0182165,-0.357933062,-0.633121381,-0.124632817,0.674913255,-1.63396648,-1.87249195,-0.954460107,-0.733417066,-0.728991353,0.347727394,1.31056913,1,1,0.183386103,0.247092448,11000,142.477265,,-0.0725742081,0.0181541939,2.43989787,-0.0635684359,-1.8340811,0.414294495,1.50409
1781683968.513116,2026-06-17T16:12:48.513,1781683965.146700,right,base,1,pelvis,1000,0.001,0.0549587,-0.266637918,0.0182165,-0.357933062,-0.633121381,-0.124632817,0.674913255,-1.20255569,-1.44108116,-0.523049318,-0.302006276,-1.12836715,0.372591707,1.30284095,1,1,0.221742133,0.230292263,11000,145.384787,,-2.79,-3.04924326,-2.79,-0.608708192,0.729602717,0.469264748,1.57
1781683968.660345,2026-06-17T16:12:48.660,1781683965.180042,right,base,1,pelvis,1000,0.001,0.0541373,-0.260027518,0.0194365,-0.353469508,-0.636502458,-0.117408083,0.675380833,-1.61572296,-1.88131462,-0.963282787,-0.42589384,-0.688133677,0.379011028,1.33381926,1,1,0.215927522,0.0814827314,11000,145.627722,,-2.79,-2.83449589,-2.58741693,-0.585300684,0.199228237,0.471573053,1.57
1781683968.825788,2026-06-17T16:12:48.825,1781683968.615099,right,base,1,pelvis,1000,0.001,-0.16974275,-0.346280868,0.120221,0.692195707,0.654182944,0.266886916,0.147245213,-1.76060011,-2.32458793,-1.40655609,-0.448448672,-0.244860372,0.390146135,1.36295821,1,1,0.00183083487,0.0466407589,11000,146.945238,,1.04944208,0.134208342,-0.61819037,-1.07785507,-0.0125966488,-0.52,0.77909449
1781683968.973567,2026-06-17T16:12:48.973,1781683968.615099,right,base,1,pelvis,1000,0.001,-0.16974275,-0.346280868,0.120221,0.692195707,0.654182944,0.266886916,0.147245213,-1.26343872,-1.82742654,-0.95999107,-0.86730264,0.0977749103,-0.107015253,0.903567673,1,1,0.00180041354,0.046789236,11000,145.333488,,-2.10451097,-3.29205019,2.49171391,-1.07744343,0.00883182389,-0.52,0.798938274
1781683969.125384,2026-06-17T16:12:49.125,1781683968.648450,right,base,1,pelvis,1000,0.001,-0.22821758,-0.337474868,0.147196,0.644051915,0.674091825,0.318390966,0.171535813,-1.44271881,-2.26850115,-0.51891646,-0.896962228,0.0822273578,-0.379380465,0.886033687,1,1,0.00988562562,0.328692955,11000,150.438684,,-2.12514312,-3.39594503,2.19606715,-1.00750438,0.127484056,-0.52,1.05412628
1781683969.272740,2026-06-17T16:12:49.272,1781683968.748450,right,base,1,pelvis,1000,0.001,-0.340361735,-0.388804618,0.111269,0.544270451,0.671250675,0.43715228,0.249178836,-1.56445116,-2.7276939,-0.0597237071,-0.925175719,0.0707538953,-0.401362633,0.872418608,1,1,0.34328336,0.506825923,11000,144.014743,,-0.217643337,0.306575839,-2.09982737,-1.4,1.24648592,-0.52,1.57
1781683969.417730,2026-06-17T16:12:49.417,1781683968.748450,right,base,1,pelvis,1000,0.001,-0.340361735,-0.388804618,0.111269,0.544270451,0.671250675,0.43715228,0.249178836,-1.12617893,-2.28942167,-0.497995945,-1.18322567,0.509026133,-0.420391562,1.15995699,1,1,0.308019286,0.509127481,11000,143.594603,,0.376263378,0.063903488,-1.83000521,-1.15189148,0.150489165,-0.52,1.57
1781683969.568556,2026-06-17T16:12:49.568,1781683968.748450,right,base,1,pelvis,1000,0.001,-0.340361735,-0.388804618,0.111269,0.544270451,0.671250675,0.43715228,0.249178836,-0.689250654,-1.85249339,-0.934924217,-1.17957769,0.445029868,-0.434882623,1.21961015,1,1,0.434437238,0.405505666,11000,148.106172,,-2.79,-2.18127241,0.33422538,0.26,1.96250073,-0.52,1.57
1781683969.711567,2026-06-17T16:12:49.711,1781683968.748450,right,base,1,pelvis,1000,0.001,-0.340361735,-0.388804618,0.111269,0.544270451,0.671250675,0.43715228,0.249178836,-1.13989038,-1.9458896,-0.484284492,-0.728937966,0.895669592,-0.448504733,1.27568623,1,1,0.117662651,0.628450905,11000,141.340731,,0.681447644,0.198339941,-1.71291912,-0.963498162,0.428732235,-0.52,1.57
1781683969.859826,2026-06-17T16:12:49.859,1781683968.748450,right,base,1,pelvis,1000,0.001,-0.340361735,-0.388804618,0.111269,0.544270451,0.671250675,0.43715228,0.249178836,-0.710980124,-1.51697934,-0.913194748,-0.867551303,0.61390311,-0.460183114,1.32376086,1,1,0.268464178,0.638045874,11000,145.489307,,-1.83662954,-2.82187331,2.79,-1.14415889,-1.3941977,-0.52,1.24998627
1781683970.001918,2026-06-17T16:12:50.001,1781683968.748450,right,base,1,pelvis,1000,0.001,-0.340361735,-0.388804618,0.111269,0.544270451,0.671250675,0.43715228,0.249178836,-1.15740985,-1.96340907,-0.466765018,-0.976302029,0.167473381,-0.471028469,1.28824156,1,1,0.286382707,0.358233821,11000,139.871824,,0.812475185,-0.431503529,1.50790796,-1.1767734,0.198466423,-0.52,-1.57
1781683970.140154,2026-06-17T16:12:50.140,1781683968.748450,right,base,1,pelvis,1000,0.001,-0.340361735,-0.388804618,0.111269,0.544270451,0.671250675,0.43715228,0.249178836,-1.15740985,-1.96340907,-0.466765018,-0.976302029,0.167473381,-0.471028469,1.28824156,1,1,0.453102591,0.442669778,11000,136.946808,,0.494023961,-1.07775548,-1.26171191,0.26,-0.275119359,-0.52,1.57
1781683970.273744,2026-06-17T16:12:50.273,1781683968.748450,right,base,1,pelvis,1000,0.001,-0.340361735,-0.388804618,0.111269,0.544270451,0.671250675,0.43715228,0.249178836,-1.14586622,-1.95443202,-0.455193327,-0.977476802,0.167655002,-0.471315444,1.27149211,1,1,0.196613357,0.507447017,11000,132.001701,,0.725999343,0.117807948,-1.63667243,-1.14704434,0.297235291,-0.52,1.57
1781683970.419107,2026-06-17T16:12:50.419,1781683968.748450,right,base,1,pelvis,1000,0.001,-0.340361735,-0.388804618,0.111269,0.544270451,0.671250675,0.43715228,0.249178836,-1.11394863,-1.93736905,-0.4708908,-0.953391481,0.159037173,-0.472263004,1.27730204,1,1,0.166648329,0.557675271,11000,141.788061,,0.611719612,0.242013025,-1.67611261,-0.936944532,0.0984644124,-0.52,1.57
1781683970.557957,2026-06-17T16:12:50.557,1781683968.748450,right,base,1,pelvis,1000,0.001,-0.340361735,-0.388804618,0.111269,0.544270451,0.671250675,0.43715228,0.249178836,-1.02779953,-1.84114261,-0.525474427,-0.962458596,0.165507815,-0.474498121,1.29100659,1,1,0.35836656,0.132046113,11000,137.671158,,1.07763933,-0.483810641,1.51903073,-1.29976965,0.636869746,-0.52,-1.57
1781683970.695276,2026-06-17T16:12:50.695,1781683968.748450,right,base,1,pelvis,1000,0.001,-0.340361735,-0.388804618,0.111269,0.544270451,0.671250675,0.43715228,0.249178836,-0.899819726,-1.67853283,-0.6152925,-0.960466985,0.16027445,-0.478049968,1.31278464,1,1,0.230737112,0.494128537,11000,135.662371,,-2.26860436,-3.25291733,1.95632621,-1.11618584,-0.110960189,-0.52,1.14537547
1781683970.832924,2026-06-17T16:12:50.832,1781683968.748450,right,base,1,pelvis,1000,0.001,-0.340361735,-0.388804618,0.111269,0.544270451,0.671250675,0.43715228,0.249178836,-0.785273682,-1.6093275,-0.491659962,-0.980121388,0.187881649,-0.480479961,1.14579682,1,1,0.55977675,0.32958035,11000,135.83997,,2.79,-1.54574189,-1.49333143,-1.4,-1.96642307,-0.52,0.581892219
1781683970.968826,2026-06-17T16:12:50.968,1781683968.748450,right,base,1,pelvis,1000,0.001,-0.340361735,-0.388804618,0.111269,0.544270451,0.671250675,0.43715228,0.249178836,-0.906757506,-1.74393644,-0.291171476,-0.991264979,0.163406696,-0.483716626,1.14576231,1,1,0.55977675,0.32958035,11000,132.811508,,2.79,-1.54574189,-1.49333143,-1.4,-1.96642307,-0.52,0.581892219
1781683971.103848,2026-06-17T16:12:51.103,1781683968.748450,right,base,1,pelvis,1000,0.001,-0.340361735,-0.388804618,0.111269,0.544270451,0.671250675,0.43715228,0.249178836,-0.730977251,-1.73451232,-0.348333999,-1.01070027,0.0621336149,-0.485441895,1.11895037,1,1,0.499518787,0.117388072,11000,134.061335,,2.79,-3.49,1.31886725,-1.4,1.07848063,-0.52,1.57
1781683971.242521,2026-06-17T16:12:51.242,1781683968.748450,right,base,1,pelvis,1000,0.001,-0.340361735,-0.388804618,0.111269,0.544270451,0.671250675,0.43715228,0.249178836,-0.516084756,-1.72299127,-0.41821555,-1.03446003,-0.0616733781,-0.487551047,1.08617261,1,1,0.502700903,0.142056138,11000,137.806933,,2.79,-3.49,1.34239221,-1.4,1.10795345,-0.52,1.57
1781683971.382470,2026-06-17T16:12:51.382,1781683968.748450,right,base,1,pelvis,1000,0.001,-0.340361735,-0.388804618,0.111269,0.544270451,0.671250675,0.43715228,0.249178836,-0.256817809,-1.86156212,-0.281991531,-1.06312609,0.0277388031,-0.490095731,1.12411491,1,1,0.349420298,0.713671545,11000,138.972556,,-2.71913171,-3.33123194,1.40456568,-1.32979896,-0.252163186,-0.213355239,1.54709066
1781683971.520735,2026-06-17T16:12:51.520,1781683968.748450,right,base,1,pelvis,1000,0.001,-0.340361735,-0.388804618,0.111269,0.544270451,0.671250675,0.43715228,0.249178836,0.0380838758,-2.01917872,-0.124767328,-1.09573214,0.132292846,-0.42217027,1.16727215,1,1,0.55977675,0.32958035,11000,136.159316,,2.79,-1.54574189,-1.49333143,-1.4,-1.96642307,-0.52,0.581892219
